{
"type": "FeatureCollection",
"name": "cso_locations",
"crs": { "type": "name", "properties": { "name": "urn:ogc:def:crs:OGC:1.3:CRS84" } },
"features": [
{ "type": "Feature", "properties": { "spdes": "HP-034", "LATITUDE": "40,50,07", "LONGITUDE": "73,50,14", "volume_06": 0, "events_06": 0, "volume_13": 0, "events_13": 0, "volume_14": 0, "events_14": 0, "volume_15": 0, "events_15": 0, "Waterbody": "Westchester Creek", "Waterbod_1": "East River" }, "geometry": { "type": "Point", "coordinates": [ -73.840324112190359, 40.832931308317931 ] } },
{ "type": "Feature", "properties": { "spdes": "NR-056", "LATITUDE": null, "LONGITUDE": null, "volume_06": 0, "events_06": 0, "volume_13": 0, "events_13": 0, "volume_14": 0, "events_14": 0, "volume_15": 0, "events_15": 0, "Waterbody": "Hudson River", "Waterbod_1": "Hudson River" }, "geometry": { "type": "Point", "coordinates": [ -1.7976931348623157e+308, -1.7976931348623157e+308 ] } },
{ "type": "Feature", "properties": { "spdes": "JA-007", "LATITUDE": "40,38,54", "LONGITUDE": "73,45,22", "volume_06": 0, "events_06": 0, "volume_13": 39, "events_13": 39, "volume_14": 0, "events_14": 0, "volume_15": 0, "events_15": 0, "Waterbody": "Thurston Basin", "Waterbod_1": "Jamaica Bay" }, "geometry": { "type": "Point", "coordinates": [ -73.754517770770079, 40.64792182787378 ] } },
{ "type": "Feature", "properties": { "spdes": "26-002", "LATITUDE": "40,39,01", "LONGITUDE": "73,52,37", "volume_06": 0, "events_06": 0, "volume_13": 0, "events_13": 0, "volume_14": 0, "events_14": 0, "volume_15": 0, "events_15": 0, "Waterbody": "Hendrix Creek", "Waterbod_1": "Jamaica Bay" }, "geometry": { "type": "Point", "coordinates": [ -73.876729616610973, 40.650343211932544 ] } },
{ "type": "Feature", "properties": { "spdes": "26-003", "LATITUDE": "40,38,57", "LONGITUDE": "73,53,26", "volume_06": 494, "events_06": 47, "volume_13": 114, "events_13": 8, "volume_14": 255, "events_14": 17, "volume_15": 97, "events_15": 9, "Waterbody": "Fresh Creek", "Waterbod_1": "Jamaica Bay" }, "geometry": { "type": "Point", "coordinates": [ -73.89045526927346, 40.649266552638117 ] } },
{ "type": "Feature", "properties": { "spdes": "26-004", "LATITUDE": "40,39,17", "LONGITUDE": "73,52,49", "volume_06": 36, "events_06": 16, "volume_13": 39, "events_13": 12, "volume_14": 58, "events_14": 19, "volume_15": 35, "events_15": 15, "Waterbody": "Hendrix Creek", "Waterbod_1": "Jamaica Bay" }, "geometry": { "type": "Point", "coordinates": [ -73.879678112741672, 40.654457146204599 ] } },
{ "type": "Feature", "properties": { "spdes": "26-005", "LATITUDE": "40,39,35", "LONGITUDE": "73,51,50", "volume_06": 98, "events_06": 5, "volume_13": 100, "events_13": 1, "volume_14": 334, "events_14": 5, "volume_15": 54, "events_15": 1, "Waterbody": "Spring Creek", "Waterbod_1": "Jamaica Bay" }, "geometry": { "type": "Point", "coordinates": [ -73.862423158024797, 40.657765883445158 ] } },
{ "type": "Feature", "properties": { "spdes": "BB-002", "LATITUDE": "40,46,52", "LONGITUDE": "73,53,19", "volume_06": 988, "events_06": 0, "volume_13": 71, "events_13": 28, "volume_14": 98, "events_14": 47, "volume_15": 129, "events_15": 51, "Waterbody": "Bowery Bay", "Waterbod_1": "East River" }, "geometry": { "type": "Point", "coordinates": [ -73.892516642453927, 40.779537604426984 ] } },
{ "type": "Feature", "properties": { "spdes": "BB-003", "LATITUDE": "40,46,45", "LONGITUDE": "73,53,11", "volume_06": 54, "events_06": 0, "volume_13": 26, "events_13": 28, "volume_14": 41, "events_14": 31, "volume_15": 24, "events_15": 29, "Waterbody": "Bowery Bay", "Waterbod_1": "East River" }, "geometry": { "type": "Point", "coordinates": [ -73.889835684877895, 40.776719436122221 ] } },
{ "type": "Feature", "properties": { "spdes": "BB-004", "LATITUDE": "40,44,26", "LONGITUDE": "73,56,33", "volume_06": 0, "events_06": 4, "volume_13": 0, "events_13": 2, "volume_14": 0, "events_14": 4, "volume_15": 0, "events_15": 1, "Waterbody": "Newtown Creek", "Waterbod_1": "East River" }, "geometry": { "type": "Point", "coordinates": [ -73.942763735796959, 40.738874476438589 ] } },
{ "type": "Feature", "properties": { "spdes": "BB-005", "LATITUDE": "40,46,31", "LONGITUDE": "73,53,10", "volume_06": 1520, "events_06": 0, "volume_13": 708, "events_13": 51, "volume_14": 998, "events_14": 63, "volume_15": 679, "events_15": 61, "Waterbody": "Bowery Bay", "Waterbod_1": "East River" }, "geometry": { "type": "Point", "coordinates": [ -73.888848436793793, 40.7736083775983 ] } },
{ "type": "Feature", "properties": { "spdes": "BB-006", "LATITUDE": "40,45,41", "LONGITUDE": "73,51,03", "volume_06": 1434, "events_06": 0, "volume_13": 827, "events_13": 48, "volume_14": 1196, "events_14": 59, "volume_15": 816, "events_15": 53, "Waterbody": "Flushing Bay", "Waterbod_1": "East River" }, "geometry": { "type": "Point", "coordinates": [ -73.85458267509712, 40.760208302985866 ] } },
{ "type": "Feature", "properties": { "spdes": "BB-007", "LATITUDE": "40,45,52", "LONGITUDE": "73,51,25", "volume_06": 3, "events_06": 0, "volume_13": 1, "events_13": 12, "volume_14": 3, "events_14": 16, "volume_15": 1, "events_15": 10, "Waterbody": "Flushing Bay", "Waterbod_1": "East River" }, "geometry": { "type": "Point", "coordinates": [ -73.862676368549529, 40.766631475059391 ] } },
{ "type": "Feature", "properties": { "spdes": "BB-008", "LATITUDE": "40,45,52", "LONGITUDE": "73,51,22", "volume_06": 534, "events_06": 0, "volume_13": 449, "events_13": 48, "volume_14": 582, "events_14": 57, "volume_15": 426, "events_15": 51, "Waterbody": "Flushing Bay", "Waterbod_1": "East River" }, "geometry": { "type": "Point", "coordinates": [ -73.859028905489282, 40.762445371206418 ] } },
{ "type": "Feature", "properties": { "spdes": "BB-009", "LATITUDE": "40,44,32", "LONGITUDE": "73,56,27", "volume_06": 35, "events_06": 35, "volume_13": 57, "events_13": 32, "volume_14": 127, "events_14": 39, "volume_15": 30, "events_15": 31, "Waterbody": "Newtown Creek", "Waterbod_1": "East River" }, "geometry": { "type": "Point", "coordinates": [ -73.940288360247465, 40.740790649666877 ] } },
{ "type": "Feature", "properties": { "spdes": "BB-010", "LATITUDE": "40,44,27", "LONGITUDE": "73,56,31", "volume_06": 2, "events_06": 16, "volume_13": 1, "events_13": 11, "volume_14": 2, "events_14": 15, "volume_15": 0, "events_15": 7, "Waterbody": "Newtown Creek", "Waterbod_1": "East River" }, "geometry": { "type": "Point", "coordinates": [ -73.941622749213892, 40.739407833629272 ] } },
{ "type": "Feature", "properties": { "spdes": "BB-011", "LATITUDE": "40,44,01", "LONGITUDE": "73,56,17", "volume_06": 3, "events_06": 24, "volume_13": 2, "events_13": 18, "volume_14": 4, "events_14": 20, "volume_15": 1, "events_15": 17, "Waterbody": "Newtown Creek", "Waterbod_1": "East River" }, "geometry": { "type": "Point", "coordinates": [ -73.94008141977389, 40.733377853253842 ] } },
{ "type": "Feature", "properties": { "spdes": "BB-012", "LATITUDE": "40,44,04", "LONGITUDE": "73,56,17", "volume_06": 0, "events_06": 5, "volume_13": 0, "events_13": 2, "volume_14": 0, "events_14": 5, "volume_15": 0, "events_15": 2, "Waterbody": "Newtown Creek", "Waterbod_1": "East River" }, "geometry": { "type": "Point", "coordinates": [ -73.940402664700486, 40.734334199241701 ] } },
{ "type": "Feature", "properties": { "spdes": "BB-013", "LATITUDE": "40,44,23", "LONGITUDE": "73,57,04", "volume_06": 39, "events_06": 44, "volume_13": 20, "events_13": 33, "volume_14": 25, "events_14": 34, "volume_15": 18, "events_15": 35, "Waterbody": "Newtown Creek", "Waterbod_1": "East River" }, "geometry": { "type": "Point", "coordinates": [ -73.952770122271048, 40.739633256497562 ] } },
{ "type": "Feature", "properties": { "spdes": "BB-014", "LATITUDE": "40,44,24", "LONGITUDE": "73,57,11", "volume_06": 3, "events_06": 35, "volume_13": 2, "events_13": 28, "volume_14": 3, "events_14": 29, "volume_15": 2, "events_15": 28, "Waterbody": "Newtown Creek", "Waterbod_1": "East River" }, "geometry": { "type": "Point", "coordinates": [ -73.954789778033074, 40.739817975676409 ] } },
{ "type": "Feature", "properties": { "spdes": "BB-015", "LATITUDE": "40,44,23", "LONGITUDE": "73,57,13", "volume_06": 3, "events_06": 39, "volume_13": 2, "events_13": 30, "volume_14": 2, "events_14": 33, "volume_15": 2, "events_15": 33, "Waterbody": "Newtown Creek", "Waterbod_1": "East River" }, "geometry": { "type": "Point", "coordinates": [ -73.956590878711111, 40.739664289156224 ] } },
{ "type": "Feature", "properties": { "spdes": "BB-016", "LATITUDE": "40,44,44", "LONGITUDE": "73,57,28", "volume_06": 2, "events_06": 0, "volume_13": 2, "events_13": 27, "volume_14": 3, "events_14": 26, "volume_15": 1, "events_15": 27, "Waterbody": "Lower East River", "Waterbod_1": "East River" }, "geometry": { "type": "Point", "coordinates": [ -73.960841246987528, 40.743012125879979 ] } },
{ "type": "Feature", "properties": { "spdes": "BB-017", "LATITUDE": "40,44,44", "LONGITUDE": "73,57,28", "volume_06": 2, "events_06": 0, "volume_13": 1, "events_13": 23, "volume_14": 2, "events_14": 28, "volume_15": 1, "events_15": 22, "Waterbody": "Lower East River", "Waterbod_1": "East River" }, "geometry": { "type": "Point", "coordinates": [ -73.959663108507726, 40.743921543304879 ] } },
{ "type": "Feature", "properties": { "spdes": "BB-018", "LATITUDE": "40,44,45", "LONGITUDE": "73,57,27", "volume_06": 2, "events_06": 0, "volume_13": 1, "events_13": 21, "volume_14": 1, "events_14": 21, "volume_15": 1, "events_15": 21, "Waterbody": "Lower East River", "Waterbod_1": "East River" }, "geometry": { "type": "Point", "coordinates": [ -73.959361891446903, 40.744288776010592 ] } },
{ "type": "Feature", "properties": { "spdes": "BB-019", "LATITUDE": "40,44,46", "LONGITUDE": "73,57,26", "volume_06": 0, "events_06": 0, "volume_13": 0, "events_13": 0, "volume_14": 0, "events_14": 0, "volume_15": 0, "events_15": 0, "Waterbody": "Lower East River", "Waterbod_1": "East River" }, "geometry": { "type": "Point", "coordinates": [ -73.958708872890412, 40.7449926144782 ] } },
{ "type": "Feature", "properties": { "spdes": "BB-020", "LATITUDE": "40,44,47", "LONGITUDE": "73,57,25", "volume_06": 0, "events_06": 0, "volume_13": 0, "events_13": 0, "volume_14": 0, "events_14": 0, "volume_15": 0, "events_15": 0, "Waterbody": "Lower East River", "Waterbod_1": "East River" }, "geometry": { "type": "Point", "coordinates": [ -73.958500203824372, 40.745693218357246 ] } },
{ "type": "Feature", "properties": { "spdes": "BB-021", "LATITUDE": "40,44,50", "LONGITUDE": "73,57,22", "volume_06": 31, "events_06": 0, "volume_13": 19, "events_13": 31, "volume_14": 29, "events_14": 36, "volume_15": 17, "events_15": 35, "Waterbody": "Lower East River", "Waterbod_1": "East River" }, "geometry": { "type": "Point", "coordinates": [ -73.958801913021077, 40.7465100856109 ] } },
{ "type": "Feature", "properties": { "spdes": "BB-022", "LATITUDE": "40,44,59", "LONGITUDE": "73,57,14", "volume_06": 2, "events_06": 0, "volume_13": 1, "events_13": 28, "volume_14": 2, "events_14": 18, "volume_15": 1, "events_15": 28, "Waterbody": "Lower East River", "Waterbod_1": "East River" }, "geometry": { "type": "Point", "coordinates": [ -73.954959698957424, 40.748068056866089 ] } },
{ "type": "Feature", "properties": { "spdes": "BB-023", "LATITUDE": "40,45,00", "LONGITUDE": "73,57,13", "volume_06": 27, "events_06": 0, "volume_13": 15, "events_13": 31, "volume_14": 21, "events_14": 33, "volume_15": 14, "events_15": 30, "Waterbody": "Lower East River", "Waterbod_1": "East River" }, "geometry": { "type": "Point", "coordinates": [ -73.955623945431014, 40.749614439672186 ] } },
{ "type": "Feature", "properties": { "spdes": "BB-024", "LATITUDE": "40,45,16", "LONGITUDE": "73,56,58", "volume_06": 97, "events_06": 0, "volume_13": 30, "events_13": 31, "volume_14": 48, "events_14": 32, "volume_15": 27, "events_15": 34, "Waterbody": "Lower East River", "Waterbod_1": "East River" }, "geometry": { "type": "Point", "coordinates": [ -73.951998693224468, 40.753851152467838 ] } },
{ "type": "Feature", "properties": { "spdes": "BB-025", "LATITUDE": "40,45,31", "LONGITUDE": "73,56,47", "volume_06": 18, "events_06": 0, "volume_13": 8, "events_13": 27, "volume_14": 13, "events_14": 29, "volume_15": 7, "events_15": 31, "Waterbody": "Lower East River", "Waterbod_1": "East River" }, "geometry": { "type": "Point", "coordinates": [ -73.949029796392594, 40.757440421193834 ] } },
{ "type": "Feature", "properties": { "spdes": "BB-026", "LATITUDE": "40,44,65", "LONGITUDE": "73,56,48", "volume_06": 187, "events_06": 47, "volume_13": 170, "events_13": 37, "volume_14": 197, "events_14": 42, "volume_15": 104, "events_15": 35, "Waterbody": "Newtown Creek", "Waterbod_1": "East River" }, "geometry": { "type": "Point", "coordinates": [ -73.939487158364457, 40.743126327110708 ] } },
{ "type": "Feature", "properties": { "spdes": "BB-027", "LATITUDE": "40,45,37", "LONGITUDE": "73,56,44", "volume_06": 8, "events_06": 0, "volume_13": 5, "events_13": 28, "volume_14": 8, "events_14": 25, "volume_15": 4, "events_15": 31, "Waterbody": "Lower East River", "Waterbod_1": "East River" }, "geometry": { "type": "Point", "coordinates": [ -73.946812508615849, 40.760207742703216 ] } },
{ "type": "Feature", "properties": { "spdes": "BB-028", "LATITUDE": "40,45,46", "LONGITUDE": "73,56,37", "volume_06": 456, "events_06": 0, "volume_13": 285, "events_13": 41, "volume_14": 417, "events_14": 44, "volume_15": 260, "events_15": 47, "Waterbody": "Lower East River", "Waterbod_1": "East River" }, "geometry": { "type": "Point", "coordinates": [ -73.945797902286074, 40.761415228081148 ] } },
{ "type": "Feature", "properties": { "spdes": "BB-029", "LATITUDE": "40,46,12", "LONGITUDE": "73,56,01", "volume_06": 180, "events_06": 0, "volume_13": 77, "events_13": 30, "volume_14": 125, "events_14": 27, "volume_15": 65, "events_15": 32, "Waterbody": "Lower East River", "Waterbod_1": "East River" }, "geometry": { "type": "Point", "coordinates": [ -73.937921424445449, 40.768781817591993 ] } },
{ "type": "Feature", "properties": { "spdes": "BB-030", "LATITUDE": "40,46,20", "LONGITUDE": "73,55,58", "volume_06": 19, "events_06": 0, "volume_13": 12, "events_13": 44, "volume_14": 17, "events_14": 45, "volume_15": 11, "events_15": 48, "Waterbody": "Lower East River", "Waterbod_1": "East River" }, "geometry": { "type": "Point", "coordinates": [ -73.935099795945845, 40.770624358637185 ] } },
{ "type": "Feature", "properties": { "spdes": "BB-031", "LATITUDE": null, "LONGITUDE": null, "volume_06": 22, "events_06": 0, "volume_13": 22, "events_13": 34, "volume_14": 33, "events_14": 44, "volume_15": 19, "events_15": 36, "Waterbody": "Lower East River", "Waterbod_1": "East River" }, "geometry": { "type": "Point", "coordinates": [ -73.934766662432594, 40.771584071921758 ] } },
{ "type": "Feature", "properties": { "spdes": "BB-032", "LATITUDE": "40,45,31", "LONGITUDE": "73,56,08", "volume_06": 3, "events_06": 0, "volume_13": 1, "events_13": 27, "volume_14": 4, "events_14": 36, "volume_15": 1, "events_15": 33, "Waterbody": "Lower East River", "Waterbod_1": "East River" }, "geometry": { "type": "Point", "coordinates": [ -73.937808115203381, 40.773980295965501 ] } },
{ "type": "Feature", "properties": { "spdes": "BB-033", "LATITUDE": "40,46,38", "LONGITUDE": "73,56,04", "volume_06": 9, "events_06": 0, "volume_13": 5, "events_13": 29, "volume_14": 7, "events_14": 33, "volume_15": 4, "events_15": 28, "Waterbody": "Lower East River", "Waterbod_1": "East River" }, "geometry": { "type": "Point", "coordinates": [ -73.936998127913412, 40.775919482250423 ] } },
{ "type": "Feature", "properties": { "spdes": "BB-034", "LATITUDE": "40,46,43", "LONGITUDE": "73,55,34", "volume_06": 223, "events_06": 0, "volume_13": 162, "events_13": 46, "volume_14": 231, "events_14": 60, "volume_15": 151, "events_15": 55, "Waterbody": "Lower East River", "Waterbod_1": "East River" }, "geometry": { "type": "Point", "coordinates": [ -73.928183480916758, 40.776931391883174 ] } },
{ "type": "Feature", "properties": { "spdes": "BB-035", "LATITUDE": "40,47,04", "LONGITUDE": "73,55,02", "volume_06": 4, "events_06": 0, "volume_13": 3, "events_13": 29, "volume_14": 4, "events_14": 26, "volume_15": 2, "events_15": 29, "Waterbody": "Lower East River", "Waterbod_1": "East River" }, "geometry": { "type": "Point", "coordinates": [ -73.919963828570872, 40.78263978495125 ] } },
{ "type": "Feature", "properties": { "spdes": "BB-036", "LATITUDE": "40,47,10", "LONGITUDE": "73,54,55", "volume_06": 10, "events_06": 0, "volume_13": 5, "events_13": 25, "volume_14": 8, "events_14": 23, "volume_15": 4, "events_15": 27, "Waterbody": "Lower East River", "Waterbod_1": "East River" }, "geometry": { "type": "Point", "coordinates": [ -73.917275438641326, 40.784186005686237 ] } },
{ "type": "Feature", "properties": { "spdes": "BB-037", "LATITUDE": "40,47,20", "LONGITUDE": "73,54,46", "volume_06": 1, "events_06": 0, "volume_13": 0, "events_13": 8, "volume_14": 0, "events_14": 10, "volume_15": 0, "events_15": 6, "Waterbody": "Lower East River", "Waterbod_1": "East River" }, "geometry": { "type": "Point", "coordinates": [ -73.915522501679078, 40.7864847621723 ] } },
{ "type": "Feature", "properties": { "spdes": "BB-038", "LATITUDE": "40,47,20", "LONGITUDE": "73,54,46", "volume_06": 10, "events_06": 0, "volume_13": 88, "events_13": 30, "volume_14": 6, "events_14": 32, "volume_15": 87, "events_15": 29, "Waterbody": "Lower East River", "Waterbod_1": "East River" }, "geometry": { "type": "Point", "coordinates": [ -73.915429568167198, 40.786581953258683 ] } },
{ "type": "Feature", "properties": { "spdes": "BB-040", "LATITUDE": "40,44,32", "LONGITUDE": "73,56,32", "volume_06": 1, "events_06": 21, "volume_13": 2, "events_13": 19, "volume_14": 3, "events_14": 24, "volume_15": 1, "events_15": 19, "Waterbody": "Newtown Creek", "Waterbod_1": "East River" }, "geometry": { "type": "Point", "coordinates": [ -73.940773395385662, 40.740890705642386 ] } },
{ "type": "Feature", "properties": { "spdes": "BB-041", "LATITUDE": "40,46,50", "LONGITUDE": "73,54,09", "volume_06": 126, "events_06": 0, "volume_13": 64, "events_13": 47, "volume_14": 84, "events_14": 55, "volume_15": 60, "events_15": 51, "Waterbody": "Luyster Creek", "Waterbod_1": "East River" }, "geometry": { "type": "Point", "coordinates": [ -73.902262713671007, 40.780266062783056 ] } },
{ "type": "Feature", "properties": { "spdes": "BB-042", "LATITUDE": "40,44,24", "LONGITUDE": "73,56,30", "volume_06": 2, "events_06": 29, "volume_13": 3, "events_13": 28, "volume_14": 4, "events_14": 32, "volume_15": 2, "events_15": 28, "Waterbody": "Newtown Creek", "Waterbod_1": "East River" }, "geometry": { "type": "Point", "coordinates": [ -73.944425213509206, 40.738627933910834 ] } },
{ "type": "Feature", "properties": { "spdes": "BB-043", "LATITUDE": "40,44,25", "LONGITUDE": "73,56,59", "volume_06": 14, "events_06": 40, "volume_13": 9, "events_13": 32, "volume_14": 14, "events_14": 35, "volume_15": 8, "events_15": 35, "Waterbody": "Newtown Creek", "Waterbod_1": "East River" }, "geometry": { "type": "Point", "coordinates": [ -73.952184833720125, 40.739533398618391 ] } },
{ "type": "Feature", "properties": { "spdes": "BB-044", "LATITUDE": "40,44,42", "LONGITUDE": "73,57,30", "volume_06": 0, "events_06": 0, "volume_13": 0, "events_13": 0, "volume_14": 0, "events_14": 0, "volume_15": 0, "events_15": 0, "Waterbody": "Lower East River", "Waterbod_1": "East River" }, "geometry": { "type": "Point", "coordinates": [ -73.961188777096226, 40.741117905191643 ] } },
{ "type": "Feature", "properties": { "spdes": "BB-045", "LATITUDE": "40,46,40", "LONGITUDE": "73,55,38", "volume_06": 0, "events_06": 0, "volume_13": 0, "events_13": 0, "volume_14": 0, "events_14": 1, "volume_15": 0, "events_15": 0, "Waterbody": "Lower East River", "Waterbod_1": "East River" }, "geometry": { "type": "Point", "coordinates": [ -73.929847407693131, 40.776189068672608 ] } },
{ "type": "Feature", "properties": { "spdes": "BB-046", "LATITUDE": "40,46,44", "LONGITUDE": "73,55,53", "volume_06": 8, "events_06": 0, "volume_13": 6, "events_13": 29, "volume_14": 8, "events_14": 33, "volume_15": 5, "events_15": 30, "Waterbody": "Lower East River", "Waterbod_1": "East River" }, "geometry": { "type": "Point", "coordinates": [ -73.932681892903275, 40.778002767588134 ] } },
{ "type": "Feature", "properties": { "spdes": "BB-047", "LATITUDE": "40,46,43", "LONGITUDE": "73,55,56", "volume_06": 2, "events_06": 0, "volume_13": 2, "events_13": 22, "volume_14": 2, "events_14": 25, "volume_15": 1, "events_15": 20, "Waterbody": "Lower East River", "Waterbod_1": "East River" }, "geometry": { "type": "Point", "coordinates": [ -73.937746109687282, 40.774418448848834 ] } },
{ "type": "Feature", "properties": { "spdes": "BB-049", "LATITUDE": "40,44,21", "LONGITUDE": "73,56,53", "volume_06": 0, "events_06": 0, "volume_13": 0, "events_13": 0, "volume_14": 0, "events_14": 0, "volume_15": 0, "events_15": 0, "Waterbody": "Newtown Creek", "Waterbod_1": "East River" }, "geometry": { "type": "Point", "coordinates": [ -73.950529494782145, 40.739069908225666 ] } },
{ "type": "Feature", "properties": { "spdes": "BB-050", "LATITUDE": null, "LONGITUDE": null, "volume_06": 0, "events_06": 0, "volume_13": 0, "events_13": 0, "volume_14": 0, "events_14": 0, "volume_15": 0, "events_15": 0, "Waterbody": "Lower East River", "Waterbod_1": "East River" }, "geometry": { "type": "Point", "coordinates": [ -73.943569490444503, 40.767493682907002 ] } },
{ "type": "Feature", "properties": { "spdes": "BB-051", "LATITUDE": null, "LONGITUDE": null, "volume_06": 0, "events_06": 0, "volume_13": 0, "events_13": 0, "volume_14": 0, "events_14": 0, "volume_15": 0, "events_15": 0, "Waterbody": "Lower East River", "Waterbod_1": "East River" }, "geometry": { "type": "Point", "coordinates": [ -73.941149384835839, 40.769413152627216 ] } },
{ "type": "Feature", "properties": { "spdes": "BB-052", "LATITUDE": null, "LONGITUDE": null, "volume_06": 0, "events_06": 0, "volume_13": 0, "events_13": 0, "volume_14": 0, "events_14": 0, "volume_15": 0, "events_15": 0, "Waterbody": "Lower East River", "Waterbod_1": "East River" }, "geometry": { "type": "Point", "coordinates": [ -73.955924920394807, 40.753982567431642 ] } },
{ "type": "Feature", "properties": { "spdes": "BB-053", "LATITUDE": "40,47,20", "LONGITUDE": "73,54,46", "volume_06": 0, "events_06": 0, "volume_13": 0, "events_13": 0, "volume_14": 0, "events_14": 0, "volume_15": 0, "events_15": 0, "Waterbody": "Lower East River", "Waterbod_1": "East River" }, "geometry": { "type": "Point", "coordinates": [ -73.915364337903526, 40.786237910998366 ] } },
{ "type": "Feature", "properties": { "spdes": "CI-004", "LATITUDE": "40,37,56", "LONGITUDE": "73,54,49", "volume_06": 1210, "events_06": 61, "volume_13": 0, "events_13": 2, "volume_14": 25, "events_14": 2, "volume_15": 19, "events_15": 2, "Waterbody": "Paerdegat Basin", "Waterbod_1": "Jamaica Bay" }, "geometry": { "type": "Point", "coordinates": [ -73.917413565470611, 40.631593179756287 ] } },
{ "type": "Feature", "properties": { "spdes": "CI-005", "LATITUDE": "40,37,56", "LONGITUDE": "73,54,49", "volume_06": 973, "events_06": 61, "volume_13": 0, "events_13": 0, "volume_14": 32, "events_14": 15, "volume_15": 23, "events_15": 8, "Waterbody": "Paerdegat Basin", "Waterbod_1": "Jamaica Bay" }, "geometry": { "type": "Point", "coordinates": [ -73.91703397235473, 40.631864426752784 ] } },
{ "type": "Feature", "properties": { "spdes": "CI-006", "LATITUDE": "40,37,55", "LONGITUDE": "73,54,48", "volume_06": 566, "events_06": 61, "volume_13": 0, "events_13": 0, "volume_14": 18, "events_14": 3, "volume_15": 14, "events_15": 2, "Waterbody": "Paerdegat Basin", "Waterbod_1": "Jamaica Bay" }, "geometry": { "type": "Point", "coordinates": [ -73.917206724294573, 40.631065821901487 ] } },
{ "type": "Feature", "properties": { "spdes": "CI-007", "LATITUDE": "40,38,32", "LONGITUDE": "73,52,41", "volume_06": 0, "events_06": 0, "volume_13": 0, "events_13": 0, "volume_14": 0, "events_14": 0, "volume_15": 0, "events_15": 0, "Waterbody": "Fresh Creek", "Waterbod_1": "Jamaica Bay" }, "geometry": { "type": "Point", "coordinates": [ -73.880135630296778, 40.640720876504879 ] } },
{ "type": "Feature", "properties": { "spdes": "HP-001", "LATITUDE": null, "LONGITUDE": null, "volume_06": 0, "events_06": 0, "volume_13": 0, "events_13": 0, "volume_14": 0, "events_14": 0, "volume_15": 0, "events_15": 0, "Waterbody": "East River", "Waterbod_1": "East River" }, "geometry": { "type": "Point", "coordinates": [ -73.884189432120095, 40.801026156302491 ] } },
{ "type": "Feature", "properties": { "spdes": "HP-002", "LATITUDE": "40,48,20", "LONGITUDE": "73,41,13", "volume_06": 119, "events_06": 0, "volume_13": 36, "events_13": 47, "volume_14": 66, "events_14": 38, "volume_15": 34, "events_15": 29, "Waterbody": "East River", "Waterbod_1": "East River" }, "geometry": { "type": "Point", "coordinates": [ -73.889396023225459, 40.805884374614145 ] } },
{ "type": "Feature", "properties": { "spdes": "HP-003", "LATITUDE": "40,48,04", "LONGITUDE": "73,52,24", "volume_06": 359, "events_06": 0, "volume_13": 193, "events_13": 50, "volume_14": 253, "events_14": 35, "volume_15": 176, "events_15": 35, "Waterbody": "East River", "Waterbod_1": "East River" }, "geometry": { "type": "Point", "coordinates": [ -73.87502615835993, 40.801333583934934 ] } },
{ "type": "Feature", "properties": { "spdes": "HP-004", "LATITUDE": "40,50,16", "LONGITUDE": "73,52,50", "volume_06": 100, "events_06": 56, "volume_13": 17, "events_13": 26, "volume_14": 38, "events_14": 20, "volume_15": 17, "events_15": 18, "Waterbody": "Bronx River", "Waterbod_1": "East River" }, "geometry": { "type": "Point", "coordinates": [ -73.879335690813747, 40.838310995124395 ] } },
{ "type": "Feature", "properties": { "spdes": "HP-005", "LATITUDE": "40,53,15", "LONGITUDE": "73,49,01", "volume_06": 0, "events_06": 0, "volume_13": 0, "events_13": 0, "volume_14": 0, "events_14": 0, "volume_15": 0, "events_15": 0, "Waterbody": "Hutchinson River", "Waterbod_1": "East River" }, "geometry": { "type": "Point", "coordinates": [ -73.820335248552212, 40.886742419535196 ] } },
{ "type": "Feature", "properties": { "spdes": "HP-006", "LATITUDE": "40,52,13", "LONGITUDE": "73,49,04", "volume_06": 0, "events_06": 0, "volume_13": 0, "events_13": 0, "volume_14": 0, "events_14": 0, "volume_15": 0, "events_15": 0, "Waterbody": "Hutchinson River", "Waterbod_1": "East River" }, "geometry": { "type": "Point", "coordinates": [ -73.821791462097465, 40.868816974964453 ] } },
{ "type": "Feature", "properties": { "spdes": "HP-007", "LATITUDE": "40,50,19", "LONGITUDE": "73,52,46", "volume_06": 88, "events_06": 21, "volume_13": 78, "events_13": 23, "volume_14": 155, "events_14": 21, "volume_15": 27, "events_15": 10, "Waterbody": "Bronx River", "Waterbod_1": "East River" }, "geometry": { "type": "Point", "coordinates": [ -73.878625455045821, 40.839030378943903 ] } },
{ "type": "Feature", "properties": { "spdes": "HP-008", "LATITUDE": "40,48,21", "LONGITUDE": "73,52,23", "volume_06": 4, "events_06": 17, "volume_13": 3, "events_13": 26, "volume_14": 9, "events_14": 21, "volume_15": 1, "events_15": 2, "Waterbody": "Bronx River", "Waterbod_1": "East River" }, "geometry": { "type": "Point", "coordinates": [ -73.881150576637964, 40.818775216951913 ] } },
{ "type": "Feature", "properties": { "spdes": "HP-009", "LATITUDE": "40,49,11", "LONGITUDE": "73,52,45", "volume_06": 814, "events_06": 51, "volume_13": 460, "events_13": 50, "volume_14": 551, "events_14": 37, "volume_15": 321, "events_15": 38, "Waterbody": "Bronx River", "Waterbod_1": "East River" }, "geometry": { "type": "Point", "coordinates": [ -73.870724470712915, 40.81448739513025 ] } },
{ "type": "Feature", "properties": { "spdes": "HP-010", "LATITUDE": "40,49,11", "LONGITUDE": "73,52,45", "volume_06": 1, "events_06": 1, "volume_13": 0, "events_13": 0, "volume_14": 3, "events_14": 2, "volume_15": 0, "events_15": 0, "Waterbody": "Bronx River", "Waterbod_1": "East River" }, "geometry": { "type": "Point", "coordinates": [ -73.869716323147372, 40.813454623068971 ] } },
{ "type": "Feature", "properties": { "spdes": "HP-011", "LATITUDE": "40,48,13", "LONGITUDE": "73,51,08", "volume_06": 828, "events_06": 0, "volume_13": 310, "events_13": 65, "volume_14": 376, "events_14": 46, "volume_15": 272, "events_15": 46, "Waterbody": "East River", "Waterbod_1": "East River" }, "geometry": { "type": "Point", "coordinates": [ -73.854206164343722, 40.804501488954003 ] } },
{ "type": "Feature", "properties": { "spdes": "HP-012", "LATITUDE": "40,49,29", "LONGITUDE": "73,50,31", "volume_06": 27, "events_06": 338, "volume_13": 27, "events_13": 15, "volume_14": 59, "events_14": 16, "volume_15": 24, "events_15": 10, "Waterbody": "Westchester Creek", "Waterbod_1": "East River" }, "geometry": { "type": "Point", "coordinates": [ -73.841041961157302, 40.824342074452858 ] } },
{ "type": "Feature", "properties": { "spdes": "HP-013", "LATITUDE": "40,48,58", "LONGITUDE": "73,51,14", "volume_06": 144, "events_06": 54, "volume_13": 155, "events_13": 26, "volume_14": 246, "events_14": 31, "volume_15": 130, "events_15": 22, "Waterbody": "Pugsley Creek", "Waterbod_1": "East River" }, "geometry": { "type": "Point", "coordinates": [ -73.853003288937316, 40.814388970519381 ] } },
{ "type": "Feature", "properties": { "spdes": "HP-014", "LATITUDE": "40,50,24", "LONGITUDE": "73,50,13", "volume_06": 516, "events_06": 0, "volume_13": 449, "events_13": 53, "volume_14": 616, "events_14": 44, "volume_15": 420, "events_15": 44, "Waterbody": "Westchester Creek", "Waterbod_1": "East River" }, "geometry": { "type": "Point", "coordinates": [ -73.839968260655752, 40.839563489837964 ] } },
{ "type": "Feature", "properties": { "spdes": "HP-015", "LATITUDE": "40,50,19", "LONGITUDE": "73,50,11", "volume_06": 0, "events_06": 2, "volume_13": 0, "events_13": 1, "volume_14": 1, "events_14": 4, "volume_15": 0, "events_15": 2, "Waterbody": "Westchester Creek", "Waterbod_1": "East River" }, "geometry": { "type": "Point", "coordinates": [ -73.839301017659139, 40.837481628837182 ] } },
{ "type": "Feature", "properties": { "spdes": "HP-016", "LATITUDE": "40,49,40", "LONGITUDE": "73,50,19", "volume_06": 72, "events_06": 24, "volume_13": 63, "events_13": 46, "volume_14": 90, "events_14": 28, "volume_15": 56, "events_15": 30, "Waterbody": "Westchester Creek", "Waterbod_1": "East River" }, "geometry": { "type": "Point", "coordinates": [ -73.842141855109375, 40.82825770059587 ] } },
{ "type": "Feature", "properties": { "spdes": "HP-017", "LATITUDE": "40,48,40", "LONGITUDE": "73,49,25", "volume_06": 35, "events_06": 0, "volume_13": 50, "events_13": 60, "volume_14": 66, "events_14": 36, "volume_15": 47, "events_15": 35, "Waterbody": "East River", "Waterbod_1": "East River" }, "geometry": { "type": "Point", "coordinates": [ -73.826449608721887, 40.811327920893291 ] } },
{ "type": "Feature", "properties": { "spdes": "HP-018", "LATITUDE": "40,48,41", "LONGITUDE": "73,49,17", "volume_06": 2, "events_06": 0, "volume_13": 4, "events_13": 37, "volume_14": 5, "events_14": 24, "volume_15": 2, "events_15": 16, "Waterbody": "East River", "Waterbod_1": "East River" }, "geometry": { "type": "Point", "coordinates": [ -73.824613241038136, 40.811856109502976 ] } },
{ "type": "Feature", "properties": { "spdes": "HP-019", "LATITUDE": "40,48,45", "LONGITUDE": "73,48,22", "volume_06": 18, "events_06": 0, "volume_13": 14, "events_13": 49, "volume_14": 19, "events_14": 31, "volume_15": 12, "events_15": 30, "Waterbody": "East River", "Waterbod_1": "East River" }, "geometry": { "type": "Point", "coordinates": [ -73.816832844120526, 40.81370839827791 ] } },
{ "type": "Feature", "properties": { "spdes": "HP-020", "LATITUDE": "40,48,43", "LONGITUDE": "73,48,35", "volume_06": 0, "events_06": 0, "volume_13": 0, "events_13": 12, "volume_14": 0, "events_14": 2, "volume_15": 0, "events_15": 0, "Waterbody": "East River", "Waterbod_1": "East River" }, "geometry": { "type": "Point", "coordinates": [ -73.81078864283964, 40.812804368860455 ] } },
{ "type": "Feature", "properties": { "spdes": "HP-021", "LATITUDE": "40,48,43", "LONGITUDE": "73,48,35", "volume_06": 298, "events_06": 0, "volume_13": 250, "events_13": 63, "volume_14": 296, "events_14": 42, "volume_15": 243, "events_15": 47, "Waterbody": "East River", "Waterbod_1": "East River" }, "geometry": { "type": "Point", "coordinates": [ -73.803890989488437, 40.808639824034998 ] } },
{ "type": "Feature", "properties": { "spdes": "HP-022", "LATITUDE": "40,49,25", "LONGITUDE": "73,48,30", "volume_06": 31, "events_06": 0, "volume_13": 32, "events_13": 49, "volume_14": 43, "events_14": 33, "volume_15": 29, "events_15": 28, "Waterbody": "East River", "Waterbod_1": "East River" }, "geometry": { "type": "Point", "coordinates": [ -73.797616247339604, 40.816528651470939 ] } },
{ "type": "Feature", "properties": { "spdes": "HP-023", "LATITUDE": "40,52,50", "LONGITUDE": "73,49,00", "volume_06": 115, "events_06": 0, "volume_13": 161, "events_13": 65, "volume_14": 210, "events_14": 42, "volume_15": 157, "events_15": 42, "Waterbody": "Hutchinson River", "Waterbod_1": "East River" }, "geometry": { "type": "Point", "coordinates": [ -73.821451630596727, 40.880340907656979 ] } },
{ "type": "Feature", "properties": { "spdes": "HP-024", "LATITUDE": "40,53,20", "LONGITUDE": "73,49,08", "volume_06": 254, "events_06": 0, "volume_13": 177, "events_13": 43, "volume_14": 259, "events_14": 39, "volume_15": 159, "events_15": 34, "Waterbody": "Hutchinson River", "Waterbod_1": "East River" }, "geometry": { "type": "Point", "coordinates": [ -73.824254607101764, 40.887767627836361 ] } },
{ "type": "Feature", "properties": { "spdes": "HP-025", "LATITUDE": "40,48,21", "LONGITUDE": "73,53,21", "volume_06": 130, "events_06": 0, "volume_13": 84, "events_13": 74, "volume_14": 118, "events_14": 48, "volume_15": 79, "events_15": 47, "Waterbody": "East River", "Waterbod_1": "East River" }, "geometry": { "type": "Point", "coordinates": [ -73.892715466042716, 40.806354749971014 ] } },
{ "type": "Feature", "properties": { "spdes": "HP-026", "LATITUDE": "40,49,34", "LONGITUDE": "73,48,33", "volume_06": 79, "events_06": 0, "volume_13": 46, "events_13": 30, "volume_14": 90, "events_14": 30, "volume_15": 40, "events_15": 24, "Waterbody": "Eastchester Bay", "Waterbod_1": "East River" }, "geometry": { "type": "Point", "coordinates": [ -73.814054586328311, 40.824245609687644 ] } },
{ "type": "Feature", "properties": { "spdes": "HP-027", "LATITUDE": "40,51,16", "LONGITUDE": "73,48,46", "volume_06": 0, "events_06": 0, "volume_13": 0, "events_13": 0, "volume_14": 0, "events_14": 0, "volume_15": 0, "events_15": 0, "Waterbody": "Eastchester Bay", "Waterbod_1": "East River" }, "geometry": { "type": "Point", "coordinates": [ -73.81692095866164, 40.853317559269584 ] } },
{ "type": "Feature", "properties": { "spdes": "HP-028", "LATITUDE": "40,51,05", "LONGITUDE": "73,49,03", "volume_06": 0, "events_06": 0, "volume_13": 0, "events_13": 0, "volume_14": 0, "events_14": 0, "volume_15": 0, "events_15": 0, "Waterbody": "Eastchester Bay", "Waterbod_1": "East River" }, "geometry": { "type": "Point", "coordinates": [ -73.816324717157158, 40.843949776350215 ] } },
{ "type": "Feature", "properties": { "spdes": "HP-029", "LATITUDE": "40,51,10", "LONGITUDE": "73,49,02", "volume_06": 4, "events_06": 0, "volume_13": 4, "events_13": 34, "volume_14": 4, "events_14": 33, "volume_15": 3, "events_15": 26, "Waterbody": "Eastchester Bay", "Waterbod_1": "East River" }, "geometry": { "type": "Point", "coordinates": [ -73.815334002752721, 40.848788960883979 ] } },
{ "type": "Feature", "properties": { "spdes": "HP-030", "LATITUDE": "40,51,00", "LONGITUDE": "73,49,00", "volume_06": 0, "events_06": 0, "volume_13": 0, "events_13": 0, "volume_14": 0, "events_14": 0, "volume_15": 0, "events_15": 0, "Waterbody": "Eastchester Bay", "Waterbod_1": "East River" }, "geometry": { "type": "Point", "coordinates": [ -73.816214849676882, 40.834531003884436 ] } },
{ "type": "Feature", "properties": { "spdes": "HP-031", "LATITUDE": "40,52,28", "LONGITUDE": "73,49,09", "volume_06": 83, "events_06": 0, "volume_13": 18, "events_13": 44, "volume_14": 26, "events_14": 35, "volume_15": 16, "events_15": 30, "Waterbody": "Hutchinson River", "Waterbod_1": "East River" }, "geometry": { "type": "Point", "coordinates": [ -73.823617981944693, 40.873711887629852 ] } },
{ "type": "Feature", "properties": { "spdes": "HP-032", "LATITUDE": "40,47,53", "LONGITUDE": "73,52,49", "volume_06": 0, "events_06": 0, "volume_13": 0, "events_13": 0, "volume_14": 0, "events_14": 0, "volume_15": 0, "events_15": 0, "Waterbody": "East River", "Waterbod_1": "East River" }, "geometry": { "type": "Point", "coordinates": [ -73.887263625755949, 40.798319448410659 ] } },
{ "type": "Feature", "properties": { "spdes": "HP-033", "LATITUDE": "40,49,33", "LONGITUDE": "73,51,28", "volume_06": 78, "events_06": 5, "volume_13": 6, "events_13": 7, "volume_14": 23, "events_14": 10, "volume_15": 7, "events_15": 5, "Waterbody": "Westchester Creek", "Waterbod_1": "East River" }, "geometry": { "type": "Point", "coordinates": [ -73.842696123819636, 40.828058253477423 ] } },
{ "type": "Feature", "properties": { "spdes": "HP-036", "LATITUDE": "40,51,19", "LONGITUDE": "73,48,19", "volume_06": 0, "events_06": 0, "volume_13": 0, "events_13": 0, "volume_14": 0, "events_14": 0, "volume_15": 0, "events_15": 0, "Waterbody": "East River", "Waterbod_1": "East River" }, "geometry": { "type": "Point", "coordinates": [ -73.782549010591268, 40.845768847187152 ] } },
{ "type": "Feature", "properties": { "spdes": "HP-037", "LATITUDE": "40,52,02", "LONGITUDE": "73,48,05", "volume_06": 0, "events_06": 0, "volume_13": 0, "events_13": 0, "volume_14": 0, "events_14": 0, "volume_15": 0, "events_15": 0, "Waterbody": "East River", "Waterbod_1": "East River" }, "geometry": { "type": "Point", "coordinates": [ -73.801666785004201, 40.866368643968407 ] } },
{ "type": "Feature", "properties": { "spdes": "HP-038", "LATITUDE": "40,51,22", "LONGITUDE": "73,48,19", "volume_06": 0, "events_06": 0, "volume_13": 0, "events_13": 0, "volume_14": 0, "events_14": 0, "volume_15": 0, "events_15": 0, "Waterbody": "East River", "Waterbod_1": "East River" }, "geometry": { "type": "Point", "coordinates": [ -73.782376706001571, 40.84603844694923 ] } },
{ "type": "Feature", "properties": { "spdes": "HP-039", "LATITUDE": null, "LONGITUDE": null, "volume_06": 0, "events_06": 0, "volume_13": 0, "events_13": 0, "volume_14": 0, "events_14": 0, "volume_15": 0, "events_15": 0, "Waterbody": "East River", "Waterbod_1": "East River" }, "geometry": { "type": "Point", "coordinates": [ -73.870113513061369, 40.803699603004119 ] } },
{ "type": "Feature", "properties": { "spdes": "JA-003", "LATITUDE": "40,39,49", "LONGITUDE": "73,48,55", "volume_06": 319, "events_06": 47, "volume_13": 909, "events_13": 65, "volume_14": 877, "events_14": 55, "volume_15": 257, "events_15": 35, "Waterbody": "Bergen Basin", "Waterbod_1": "Jamaica Bay" }, "geometry": { "type": "Point", "coordinates": [ -73.816401775045733, 40.660717853418873 ] } },
{ "type": "Feature", "properties": { "spdes": "JA-003a", "LATITUDE": "40,39,49", "LONGITUDE": "73,48,55", "volume_06": 300, "events_06": 57, "volume_13": 0, "events_13": 0, "volume_14": 0, "events_14": 0, "volume_15": 266, "events_15": 46, "Waterbody": "Bergen Basin", "Waterbod_1": "Jamaica Bay" }, "geometry": { "type": "Point", "coordinates": [ -73.818029445795119, 40.661996941791088 ] } },
{ "type": "Feature", "properties": { "spdes": "JA-005", "LATITUDE": "40,38,51", "LONGITUDE": "73,45,18", "volume_06": 908, "events_06": 55, "volume_13": 1116, "events_13": 57, "volume_14": 0, "events_14": 0, "volume_15": 1131, "events_15": 53, "Waterbody": "Thurston Basin", "Waterbod_1": "Jamaica Bay" }, "geometry": { "type": "Point", "coordinates": [ -73.754796696228837, 40.64776079998834 ] } },
{ "type": "Feature", "properties": { "spdes": "JA-006", "LATITUDE": "40,39,29", "LONGITUDE": "73,48,41", "volume_06": 30, "events_06": 61, "volume_13": 0, "events_13": 0, "volume_14": 0, "events_14": 0, "volume_15": 4, "events_15": 12, "Waterbody": "Bergen Basin", "Waterbod_1": "Jamaica Bay" }, "geometry": { "type": "Point", "coordinates": [ -73.811258829707697, 40.660486547242662 ] } },
{ "type": "Feature", "properties": { "spdes": "NC-002", "LATITUDE": "40,44,05", "LONGITUDE": "73,56,50", "volume_06": 0, "events_06": 0, "volume_13": 0, "events_13": 0, "volume_14": 0, "events_14": 0, "volume_15": 0, "events_15": 0, "Waterbody": "Newtown Creek", "Waterbod_1": "East River" }, "geometry": { "type": "Point", "coordinates": [ -73.946912727522232, 40.7344122574642 ] } },
{ "type": "Feature", "properties": { "spdes": "NC-003", "LATITUDE": "40,43,49", "LONGITUDE": "73,57,37", "volume_06": 1, "events_06": 0, "volume_13": 0, "events_13": 12, "volume_14": 1, "events_14": 12, "volume_15": 0, "events_15": 11, "Waterbody": "Lower East River", "Waterbod_1": "East River" }, "geometry": { "type": "Point", "coordinates": [ -73.961108404229364, 40.729375159522554 ] } },
{ "type": "Feature", "properties": { "spdes": "NC-004", "LATITUDE": "40,43,36", "LONGITUDE": "73,57,31", "volume_06": 18, "events_06": 0, "volume_13": 16, "events_13": 36, "volume_14": 21, "events_14": 39, "volume_15": 13, "events_15": 37, "Waterbody": "Lower East River", "Waterbod_1": "East River" }, "geometry": { "type": "Point", "coordinates": [ -73.961655368520482, 40.725808972273562 ] } },
{ "type": "Feature", "properties": { "spdes": "NC-005", "LATITUDE": "40,46,35", "LONGITUDE": "73,58,04", "volume_06": 79, "events_06": 0, "volume_13": 53, "events_13": 44, "volume_14": 54, "events_14": 39, "volume_15": 38, "events_15": 53, "Waterbody": "Lower East River", "Waterbod_1": "East River" }, "geometry": { "type": "Point", "coordinates": [ -73.956341936794473, 40.76052295816018 ] } },
{ "type": "Feature", "properties": { "spdes": "NC-006", "LATITUDE": "40,43,34", "LONGITUDE": "73,57,35", "volume_06": 104, "events_06": 0, "volume_13": 94, "events_13": 14, "volume_14": 129, "events_14": 21, "volume_15": 73, "events_15": 16, "Waterbody": "Lower East River", "Waterbod_1": "East River" }, "geometry": { "type": "Point", "coordinates": [ -73.961600647225268, 40.724940018300209 ] } },
{ "type": "Feature", "properties": { "spdes": "NC-007", "LATITUDE": "40,43,26", "LONGITUDE": "73,57,44", "volume_06": 9, "events_06": 0, "volume_13": 7, "events_13": 34, "volume_14": 9, "events_14": 27, "volume_15": 6, "events_15": 32, "Waterbody": "Lower East River", "Waterbod_1": "East River" }, "geometry": { "type": "Point", "coordinates": [ -73.964428713618133, 40.720083974041287 ] } },
{ "type": "Feature", "properties": { "spdes": "NC-008", "LATITUDE": "40,43,11", "LONGITUDE": "73,57,53", "volume_06": 27, "events_06": 0, "volume_13": 21, "events_13": 35, "volume_14": 29, "events_14": 30, "volume_15": 17, "events_15": 35, "Waterbody": "Lower East River", "Waterbod_1": "East River" }, "geometry": { "type": "Point", "coordinates": [ -73.96610338623087, 40.718370368404841 ] } },
{ "type": "Feature", "properties": { "spdes": "NC-009", "LATITUDE": "40,43,11", "LONGITUDE": "73,57,53", "volume_06": 0, "events_06": 0, "volume_13": 0, "events_13": 0, "volume_14": 0, "events_14": 0, "volume_15": 0, "events_15": 0, "Waterbody": "Lower East River", "Waterbod_1": "East River" }, "geometry": { "type": "Point", "coordinates": [ -73.966185764681228, 40.718284266703307 ] } },
{ "type": "Feature", "properties": { "spdes": "NC-010", "LATITUDE": "40,43,03", "LONGITUDE": "73,57,56", "volume_06": 0, "events_06": 0, "volume_13": 0, "events_13": 1, "volume_14": 0, "events_14": 0, "volume_15": 0, "events_15": 1, "Waterbody": "Lower East River", "Waterbod_1": "East River" }, "geometry": { "type": "Point", "coordinates": [ -73.967237465442935, 40.716553589160419 ] } },
{ "type": "Feature", "properties": { "spdes": "NC-011", "LATITUDE": "40,46,01", "LONGITUDE": "73,58,32", "volume_06": 0, "events_06": 0, "volume_13": 0, "events_13": 0, "volume_14": 0, "events_14": 0, "volume_15": 0, "events_15": 0, "Waterbody": "Lower East River", "Waterbod_1": "East River" }, "geometry": { "type": "Point", "coordinates": [ -73.964813456287544, 40.751630008893684 ] } },
{ "type": "Feature", "properties": { "spdes": "NC-012", "LATITUDE": "40,42,50", "LONGITUDE": "73,57,59", "volume_06": 27, "events_06": 0, "volume_13": 36, "events_13": 23, "volume_14": 52, "events_14": 25, "volume_15": 28, "events_15": 20, "Waterbody": "Lower East River", "Waterbod_1": "East River" }, "geometry": { "type": "Point", "coordinates": [ -73.968464314975066, 40.712857491221634 ] } },
{ "type": "Feature", "properties": { "spdes": "NC-013", "LATITUDE": "40,42,28", "LONGITUDE": "73,58,01", "volume_06": 42, "events_06": 0, "volume_13": 49, "events_13": 30, "volume_14": 75, "events_14": 26, "volume_15": 45, "events_15": 21, "Waterbody": "Lower East River", "Waterbod_1": "East River" }, "geometry": { "type": "Point", "coordinates": [ -73.969163661232784, 40.70688549387944 ] } },
{ "type": "Feature", "properties": { "spdes": "NC-014", "LATITUDE": "40,42,25", "LONGITUDE": "73,58,02", "volume_06": 337, "events_06": 0, "volume_13": 418, "events_13": 26, "volume_14": 568, "events_14": 27, "volume_15": 600, "events_15": 27, "Waterbody": "Lower East River", "Waterbod_1": "East River" }, "geometry": { "type": "Point", "coordinates": [ -73.969224485652404, 40.706008350401319 ] } },
{ "type": "Feature", "properties": { "spdes": "NC-015", "LATITUDE": "40,42,46", "LONGITUDE": "73,55,45", "volume_06": 308, "events_06": 33, "volume_13": 438, "events_13": 35, "volume_14": 587, "events_14": 34, "volume_15": 102, "events_15": 33, "Waterbody": "Newtown Creek", "Waterbod_1": "East River" }, "geometry": { "type": "Point", "coordinates": [ -73.930422172622599, 40.708699562861433 ] } },
{ "type": "Feature", "properties": { "spdes": "NC-016", "LATITUDE": "40,45,56", "LONGITUDE": "73,58,37", "volume_06": 4, "events_06": 0, "volume_13": 3, "events_13": 16, "volume_14": 2, "events_14": 12, "volume_15": 1, "events_15": 15, "Waterbody": "Lower East River", "Waterbod_1": "East River" }, "geometry": { "type": "Point", "coordinates": [ -73.965762718009216, 40.75054682589932 ] } },
{ "type": "Feature", "properties": { "spdes": "NC-017", "LATITUDE": "40,45,47", "LONGITUDE": "73,58,45", "volume_06": 0, "events_06": 0, "volume_13": 0, "events_13": 0, "volume_14": 0, "events_14": 0, "volume_15": 0, "events_15": 0, "Waterbody": "Lower East River", "Waterbod_1": "East River" }, "geometry": { "type": "Point", "coordinates": [ -73.967876479922467, 40.747965565861634 ] } },
{ "type": "Feature", "properties": { "spdes": "NC-019", "LATITUDE": "40,42,58", "LONGITUDE": "73,55,17", "volume_06": 0, "events_06": 7, "volume_13": 2, "events_13": 19, "volume_14": 3, "events_14": 20, "volume_15": 2, "events_15": 18, "Waterbody": "Newtown Creek", "Waterbod_1": "East River" }, "geometry": { "type": "Point", "coordinates": [ -73.924026303557383, 40.714108944212988 ] } },
{ "type": "Feature", "properties": { "spdes": "NC-020", "LATITUDE": "40,44,02", "LONGITUDE": "73,59,08", "volume_06": 4, "events_06": 0, "volume_13": 14, "events_13": 32, "volume_14": 16, "events_14": 26, "volume_15": 7, "events_15": 27, "Waterbody": "Lower East River", "Waterbod_1": "East River" }, "geometry": { "type": "Point", "coordinates": [ -73.973626037592254, 40.718496865411872 ] } },
{ "type": "Feature", "properties": { "spdes": "NC-021", "LATITUDE": "40,44,26", "LONGITUDE": "73,57,03", "volume_06": 0, "events_06": 0, "volume_13": 1, "events_13": 3, "volume_14": 1, "events_14": 3, "volume_15": 0, "events_15": 1, "Waterbody": "Newtown Creek", "Waterbod_1": "East River" }, "geometry": { "type": "Point", "coordinates": [ -73.952617649775135, 40.738871096647841 ] } },
{ "type": "Feature", "properties": { "spdes": "NC-022", "LATITUDE": "40,44,26", "LONGITUDE": "73,57,04", "volume_06": 8, "events_06": 42, "volume_13": 8, "events_13": 41, "volume_14": 10, "events_14": 30, "volume_15": 6, "events_15": 40, "Waterbody": "Newtown Creek", "Waterbod_1": "East River" }, "geometry": { "type": "Point", "coordinates": [ -73.952797760523495, 40.738907298180777 ] } },
{ "type": "Feature", "properties": { "spdes": "NC-023", "LATITUDE": "40,44,23", "LONGITUDE": "73,57,20", "volume_06": 0, "events_06": 5, "volume_13": 1, "events_13": 9, "volume_14": 1, "events_14": 7, "volume_15": 0, "events_15": 8, "Waterbody": "Newtown Creek", "Waterbod_1": "East River" }, "geometry": { "type": "Point", "coordinates": [ -73.959097406438971, 40.73759328747434 ] } },
{ "type": "Feature", "properties": { "spdes": "NC-024", "LATITUDE": "40,44,10", "LONGITUDE": "73,57,31", "volume_06": 0, "events_06": 0, "volume_13": 0, "events_13": 2, "volume_14": 0, "events_14": 0, "volume_15": 0, "events_15": 0, "Waterbody": "Newtown Creek", "Waterbod_1": "East River" }, "geometry": { "type": "Point", "coordinates": [ -73.960548671339566, 40.736329461221864 ] } },
{ "type": "Feature", "properties": { "spdes": "NC-025", "LATITUDE": "40,44,07", "LONGITUDE": "73,57,37", "volume_06": 1, "events_06": 0, "volume_13": 1, "events_13": 11, "volume_14": 1, "events_14": 13, "volume_15": 0, "events_15": 11, "Waterbody": "Lower East River", "Waterbod_1": "East River" }, "geometry": { "type": "Point", "coordinates": [ -73.962346483555621, 40.733714314379874 ] } },
{ "type": "Feature", "properties": { "spdes": "NC-026", "LATITUDE": "40,44,03", "LONGITUDE": "73,57,38", "volume_06": 0, "events_06": 0, "volume_13": 0, "events_13": 10, "volume_14": 0, "events_14": 10, "volume_15": 0, "events_15": 7, "Waterbody": "Lower East River", "Waterbod_1": "East River" }, "geometry": { "type": "Point", "coordinates": [ -73.962304159012774, 40.733026645286543 ] } },
{ "type": "Feature", "properties": { "spdes": "NC-027", "LATITUDE": "40,44,01", "LONGITUDE": "73,57,38", "volume_06": 24, "events_06": 0, "volume_13": 20, "events_13": 35, "volume_14": 28, "events_14": 32, "volume_15": 14, "events_15": 33, "Waterbody": "Lower East River", "Waterbod_1": "East River" }, "geometry": { "type": "Point", "coordinates": [ -73.961852574124848, 40.732370982576136 ] } },
{ "type": "Feature", "properties": { "spdes": "NC-028", "LATITUDE": "40,43,43", "LONGITUDE": "73,59,11", "volume_06": 0, "events_06": 0, "volume_13": 0, "events_13": 0, "volume_14": 0, "events_14": 2, "volume_15": 0, "events_15": 0, "Waterbody": "Lower East River", "Waterbod_1": "East River" }, "geometry": { "type": "Point", "coordinates": [ -73.975091042542573, 40.714907972104605 ] } },
{ "type": "Feature", "properties": { "spdes": "NC-029", "LATITUDE": "40,43,38", "LONGITUDE": "73,55,32", "volume_06": 18, "events_06": 48, "volume_13": 30, "events_13": 43, "volume_14": 34, "events_14": 47, "volume_15": 18, "events_15": 45, "Waterbody": "Newtown Creek", "Waterbod_1": "East River" }, "geometry": { "type": "Point", "coordinates": [ -73.92668392295063, 40.725858508917284 ] } },
{ "type": "Feature", "properties": { "spdes": "NC-030", "LATITUDE": "40,46,52", "LONGITUDE": "73,57,47", "volume_06": 0, "events_06": 0, "volume_13": 0, "events_13": 17, "volume_14": 0, "events_14": 17, "volume_15": 0, "events_15": 14, "Waterbody": "Lower East River", "Waterbod_1": "East River" }, "geometry": { "type": "Point", "coordinates": [ -73.951777795025947, 40.76515948873967 ] } },
{ "type": "Feature", "properties": { "spdes": "NC-031", "LATITUDE": "40,46,50", "LONGITUDE": "73,57,49", "volume_06": 1, "events_06": 0, "volume_13": 4, "events_13": 30, "volume_14": 5, "events_14": 26, "volume_15": 2, "events_15": 26, "Waterbody": "Lower East River", "Waterbod_1": "East River" }, "geometry": { "type": "Point", "coordinates": [ -73.952243667728368, 40.764528986828431 ] } },
{ "type": "Feature", "properties": { "spdes": "NC-032", "LATITUDE": "40,46,32", "LONGITUDE": "73,58,07", "volume_06": 6, "events_06": 0, "volume_13": 4, "events_13": 15, "volume_14": 3, "events_14": 9, "volume_15": 2, "events_15": 10, "Waterbody": "Lower East River", "Waterbod_1": "East River" }, "geometry": { "type": "Point", "coordinates": [ -73.957622525206375, 40.759379207396549 ] } },
{ "type": "Feature", "properties": { "spdes": "NC-033", "LATITUDE": "40,46,20", "LONGITUDE": "73,58,16", "volume_06": 1, "events_06": 0, "volume_13": 1, "events_13": 9, "volume_14": 1, "events_14": 10, "volume_15": 0, "events_15": 6, "Waterbody": "Lower East River", "Waterbod_1": "East River" }, "geometry": { "type": "Point", "coordinates": [ -73.959737136669077, 40.757023502798077 ] } },
{ "type": "Feature", "properties": { "spdes": "NC-034", "LATITUDE": "40,46,13", "LONGITUDE": "73,58,23", "volume_06": 0, "events_06": 0, "volume_13": 2, "events_13": 10, "volume_14": 2, "events_14": 10, "volume_15": 1, "events_15": 7, "Waterbody": "Lower East River", "Waterbod_1": "East River" }, "geometry": { "type": "Point", "coordinates": [ -73.961630429089396, 40.755138158810546 ] } },
{ "type": "Feature", "properties": { "spdes": "NC-035", "LATITUDE": "40,46,11", "LONGITUDE": "73,58,25", "volume_06": 5, "events_06": 0, "volume_13": 4, "events_13": 18, "volume_14": 4, "events_14": 18, "volume_15": 3, "events_15": 18, "Waterbody": "Lower East River", "Waterbod_1": "East River" }, "geometry": { "type": "Point", "coordinates": [ -73.962109103020737, 40.754586374303578 ] } },
{ "type": "Feature", "properties": { "spdes": "NC-036", "LATITUDE": "40,46,02", "LONGITUDE": "73,58,31", "volume_06": 81, "events_06": 0, "volume_13": 90, "events_13": 19, "volume_14": 98, "events_14": 21, "volume_15": 62, "events_15": 18, "Waterbody": "Lower East River", "Waterbod_1": "East River" }, "geometry": { "type": "Point", "coordinates": [ -73.964281817672671, 40.752192382540414 ] } },
{ "type": "Feature", "properties": { "spdes": "NC-037", "LATITUDE": "40,45,46", "LONGITUDE": "73,58,46", "volume_06": 0, "events_06": 0, "volume_13": 2, "events_13": 5, "volume_14": 3, "events_14": 5, "volume_15": 1, "events_15": 5, "Waterbody": "Lower East River", "Waterbod_1": "East River" }, "geometry": { "type": "Point", "coordinates": [ -73.968322233403541, 40.747274254197627 ] } },
{ "type": "Feature", "properties": { "spdes": "NC-038", "LATITUDE": "40,45,39", "LONGITUDE": "73,58,52", "volume_06": 9, "events_06": 0, "volume_13": 10, "events_13": 20, "volume_14": 11, "events_14": 20, "volume_15": 7, "events_15": 20, "Waterbody": "Lower East River", "Waterbod_1": "East River" }, "geometry": { "type": "Point", "coordinates": [ -73.969838955406786, 40.745534169478113 ] } },
{ "type": "Feature", "properties": { "spdes": "NC-039", "LATITUDE": "40,45,36", "LONGITUDE": "73,58,54", "volume_06": 5, "events_06": 0, "volume_13": 1, "events_13": 22, "volume_14": 1, "events_14": 7, "volume_15": 1, "events_15": 19, "Waterbody": "Lower East River", "Waterbod_1": "East River" }, "geometry": { "type": "Point", "coordinates": [ -73.970426408509297, 40.744853282465982 ] } },
{ "type": "Feature", "properties": { "spdes": "NC-040", "LATITUDE": "40,45,35", "LONGITUDE": "73,58,55", "volume_06": 1, "events_06": 0, "volume_13": 0, "events_13": 17, "volume_14": 0, "events_14": 1, "volume_15": 0, "events_15": 14, "Waterbody": "Lower East River", "Waterbod_1": "East River" }, "geometry": { "type": "Point", "coordinates": [ -73.971037954264034, 40.744289809300085 ] } },
{ "type": "Feature", "properties": { "spdes": "NC-041", "LATITUDE": "40,45,27", "LONGITUDE": "73,58,59", "volume_06": 45, "events_06": 0, "volume_13": 28, "events_13": 22, "volume_14": 29, "events_14": 20, "volume_15": 20, "events_15": 22, "Waterbody": "Lower East River", "Waterbod_1": "East River" }, "geometry": { "type": "Point", "coordinates": [ -73.971874501516623, 40.74263107947413 ] } },
{ "type": "Feature", "properties": { "spdes": "NC-042", "LATITUDE": "40,43,44", "LONGITUDE": "73,59,16", "volume_06": 0, "events_06": 0, "volume_13": 2, "events_13": 17, "volume_14": 4, "events_14": 12, "volume_15": 1, "events_15": 10, "Waterbody": "Lower East River", "Waterbod_1": "East River" }, "geometry": { "type": "Point", "coordinates": [ -73.975676485835464, 40.713507072550058 ] } },
{ "type": "Feature", "properties": { "spdes": "NC-043", "LATITUDE": "40,45,25", "LONGITUDE": "73,58,49", "volume_06": 4, "events_06": 0, "volume_13": 5, "events_13": 18, "volume_14": 5, "events_14": 18, "volume_15": 3, "events_15": 21, "Waterbody": "Lower East River", "Waterbod_1": "East River" }, "geometry": { "type": "Point", "coordinates": [ -73.972383048078385, 40.740172955949284 ] } },
{ "type": "Feature", "properties": { "spdes": "NC-044", "LATITUDE": "40,45,23", "LONGITUDE": "73,58,34", "volume_06": 1, "events_06": 0, "volume_13": 0, "events_13": 14, "volume_14": 0, "events_14": 2, "volume_15": 0, "events_15": 17, "Waterbody": "Lower East River", "Waterbod_1": "East River" }, "geometry": { "type": "Point", "coordinates": [ -73.972618601895675, 40.739626554321326 ] } },
{ "type": "Feature", "properties": { "spdes": "NC-045", "LATITUDE": "40,45,12", "LONGITUDE": "73,58,20", "volume_06": 34, "events_06": 0, "volume_13": 24, "events_13": 21, "volume_14": 26, "events_14": 21, "volume_15": 17, "events_15": 21, "Waterbody": "Lower East River", "Waterbod_1": "East River" }, "geometry": { "type": "Point", "coordinates": [ -73.972677009482709, 40.737431588446626 ] } },
{ "type": "Feature", "properties": { "spdes": "NC-046", "LATITUDE": "40,45,07", "LONGITUDE": "73,58,08", "volume_06": 13, "events_06": 0, "volume_13": 7, "events_13": 29, "volume_14": 8, "events_14": 20, "volume_15": 6, "events_15": 26, "Waterbody": "Lower East River", "Waterbod_1": "East River" }, "geometry": { "type": "Point", "coordinates": [ -73.974370379378797, 40.736378268739038 ] } },
{ "type": "Feature", "properties": { "spdes": "NC-047", "LATITUDE": "40,45,01", "LONGITUDE": "73,59,04", "volume_06": 1, "events_06": 0, "volume_13": 1, "events_13": 13, "volume_14": 1, "events_14": 11, "volume_15": 0, "events_15": 11, "Waterbody": "Lower East River", "Waterbod_1": "East River" }, "geometry": { "type": "Point", "coordinates": [ -73.974534756816041, 40.735693311690646 ] } },
{ "type": "Feature", "properties": { "spdes": "NC-048", "LATITUDE": "40,44,55", "LONGITUDE": "73,59,01", "volume_06": 24, "events_06": 0, "volume_13": 16, "events_13": 36, "volume_14": 17, "events_14": 26, "volume_15": 14, "events_15": 40, "Waterbody": "Lower East River", "Waterbod_1": "East River" }, "geometry": { "type": "Point", "coordinates": [ -73.974060320057475, 40.733926634704169 ] } },
{ "type": "Feature", "properties": { "spdes": "NC-049", "LATITUDE": "40,44,32", "LONGITUDE": "73,58,23", "volume_06": 26, "events_06": 0, "volume_13": 23, "events_13": 18, "volume_14": 22, "events_14": 19, "volume_15": 15, "events_15": 18, "Waterbody": "Lower East River", "Waterbod_1": "East River" }, "geometry": { "type": "Point", "coordinates": [ -73.973723823731973, 40.731771591048421 ] } },
{ "type": "Feature", "properties": { "spdes": "NC-050", "LATITUDE": "40,42,33", "LONGITUDE": "73,59,36", "volume_06": 53, "events_06": 0, "volume_13": 28, "events_13": 33, "volume_14": 27, "events_14": 23, "volume_15": 21, "events_15": 32, "Waterbody": "Lower East River", "Waterbod_1": "East River" }, "geometry": { "type": "Point", "coordinates": [ -73.996763336839777, 40.70887937057357 ] } },
{ "type": "Feature", "properties": { "spdes": "NC-051", "LATITUDE": "40,42,10", "LONGITUDE": "74,00,06", "volume_06": 0, "events_06": 0, "volume_13": 1, "events_13": 18, "volume_14": 0, "events_14": 5, "volume_15": 0, "events_15": 11, "Waterbody": "Lower East River", "Waterbod_1": "East River" }, "geometry": { "type": "Point", "coordinates": [ -74.00726478145684, 40.703195156221199 ] } },
{ "type": "Feature", "properties": { "spdes": "NC-052", "LATITUDE": "40,44,35", "LONGITUDE": "73,58,59", "volume_06": 41, "events_06": 0, "volume_13": 31, "events_13": 20, "volume_14": 34, "events_14": 19, "volume_15": 23, "events_15": 18, "Waterbody": "Lower East River", "Waterbod_1": "East River" }, "geometry": { "type": "Point", "coordinates": [ -73.971591606044854, 40.726698834345406 ] } },
{ "type": "Feature", "properties": { "spdes": "NC-053", "LATITUDE": "40,44,25", "LONGITUDE": "73,59,02", "volume_06": 3, "events_06": 0, "volume_13": 3, "events_13": 22, "volume_14": 3, "events_14": 18, "volume_15": 2, "events_15": 17, "Waterbody": "Lower East River", "Waterbod_1": "East River" }, "geometry": { "type": "Point", "coordinates": [ -73.972085063250447, 40.724679306943521 ] } },
{ "type": "Feature", "properties": { "spdes": "NC-018", "LATITUDE": null, "LONGITUDE": null, "volume_06": 14, "events_06": 0, "volume_13": 14, "events_13": 42, "volume_14": 14, "events_14": 40, "volume_15": 10, "events_15": 56, "Waterbody": "Lower East River", "Waterbod_1": "East River" }, "geometry": { "type": "Point", "coordinates": [ -1.7976931348623157e+308, -1.7976931348623157e+308 ] } },
{ "type": "Feature", "properties": { "spdes": "NC-054", "LATITUDE": "40,44,20", "LONGITUDE": "73,59,02", "volume_06": 3, "events_06": 0, "volume_13": 1, "events_13": 12, "volume_14": 1, "events_14": 13, "volume_15": 1, "events_15": 15, "Waterbody": "Lower East River", "Waterbod_1": "East River" }, "geometry": { "type": "Point", "coordinates": [ -73.97250128146004, 40.722611050505812 ] } },
{ "type": "Feature", "properties": { "spdes": "NC-055", "LATITUDE": "40,44,12", "LONGITUDE": "73,59,05", "volume_06": 2, "events_06": 0, "volume_13": 2, "events_13": 25, "volume_14": 2, "events_14": 20, "volume_15": 2, "events_15": 20, "Waterbody": "Lower East River", "Waterbod_1": "East River" }, "geometry": { "type": "Point", "coordinates": [ -73.972894767912607, 40.721362571961699 ] } },
{ "type": "Feature", "properties": { "spdes": "NC-056", "LATITUDE": "40,44,04", "LONGITUDE": "73,59,08", "volume_06": 72, "events_06": 0, "volume_13": 63, "events_13": 43, "volume_14": 64, "events_14": 42, "volume_15": 48, "events_15": 56, "Waterbody": "Lower East River", "Waterbod_1": "East River" }, "geometry": { "type": "Point", "coordinates": [ -73.973379982329305, 40.719265913476967 ] } },
{ "type": "Feature", "properties": { "spdes": "NC-057", "LATITUDE": "40,43,58", "LONGITUDE": "73,59,08", "volume_06": 11, "events_06": 0, "volume_13": 8, "events_13": 29, "volume_14": 9, "events_14": 20, "volume_15": 6, "events_15": 29, "Waterbody": "Lower East River", "Waterbod_1": "East River" }, "geometry": { "type": "Point", "coordinates": [ -73.974031108081803, 40.717639098810459 ] } },
{ "type": "Feature", "properties": { "spdes": "NC-058", "LATITUDE": "40,43,55", "LONGITUDE": "73,59,12", "volume_06": 37, "events_06": 0, "volume_13": 30, "events_13": 37, "volume_14": 32, "events_14": 31, "volume_15": 22, "events_15": 42, "Waterbody": "Lower East River", "Waterbod_1": "East River" }, "geometry": { "type": "Point", "coordinates": [ -73.974484060807455, 40.71610731716315 ] } },
{ "type": "Feature", "properties": { "spdes": "NC-059", "LATITUDE": "40,43,40", "LONGITUDE": "73,59,19", "volume_06": 44, "events_06": 0, "volume_13": 23, "events_13": 41, "volume_14": 23, "events_14": 34, "volume_15": 18, "events_15": 49, "Waterbody": "Lower East River", "Waterbod_1": "East River" }, "geometry": { "type": "Point", "coordinates": [ -73.976132827704049, 40.712635232417099 ] } },
{ "type": "Feature", "properties": { "spdes": "NC-060", "LATITUDE": "40,43,34", "LONGITUDE": "73,59,26", "volume_06": 4, "events_06": 0, "volume_13": 2, "events_13": 27, "volume_14": 2, "events_14": 19, "volume_15": 1, "events_15": 23, "Waterbody": "Lower East River", "Waterbod_1": "East River" }, "geometry": { "type": "Point", "coordinates": [ -73.977524059127632, 40.710881744325519 ] } },
{ "type": "Feature", "properties": { "spdes": "NC-061", "LATITUDE": "40,43,34", "LONGITUDE": "73,59,29", "volume_06": 2, "events_06": 0, "volume_13": 2, "events_13": 19, "volume_14": 2, "events_14": 16, "volume_15": 1, "events_15": 18, "Waterbody": "Lower East River", "Waterbod_1": "East River" }, "geometry": { "type": "Point", "coordinates": [ -73.980572131627596, 40.710267692696675 ] } },
{ "type": "Feature", "properties": { "spdes": "NC-062", "LATITUDE": "40,43,15", "LONGITUDE": "74,00,00", "volume_06": 17, "events_06": 0, "volume_13": 14, "events_13": 53, "volume_14": 15, "events_14": 49, "volume_15": 11, "events_15": 68, "Waterbody": "Lower East River", "Waterbod_1": "East River" }, "geometry": { "type": "Point", "coordinates": [ -73.983130165574721, 40.709685876093239 ] } },
{ "type": "Feature", "properties": { "spdes": "NC-063", "LATITUDE": "40,43,15", "LONGITUDE": "74,00,01", "volume_06": 45, "events_06": 0, "volume_13": 28, "events_13": 24, "volume_14": 31, "events_14": 23, "volume_15": 21, "events_15": 29, "Waterbody": "Lower East River", "Waterbod_1": "East River" }, "geometry": { "type": "Point", "coordinates": [ -73.987909470687569, 40.709252316202864 ] } },
{ "type": "Feature", "properties": { "spdes": "NC-064", "LATITUDE": "40,42,04", "LONGITUDE": "74,00,25", "volume_06": 9, "events_06": 0, "volume_13": 6, "events_13": 21, "volume_14": 6, "events_14": 19, "volume_15": 4, "events_15": 18, "Waterbody": "Lower East River", "Waterbod_1": "East River" }, "geometry": { "type": "Point", "coordinates": [ -73.994031533112405, 40.709276582036757 ] } },
{ "type": "Feature", "properties": { "spdes": "NC-065", "LATITUDE": "40,42,32", "LONGITUDE": "73,59,37", "volume_06": 0, "events_06": 0, "volume_13": 2, "events_13": 5, "volume_14": 7, "events_14": 5, "volume_15": 1, "events_15": 5, "Waterbody": "Lower East River", "Waterbod_1": "East River" }, "geometry": { "type": "Point", "coordinates": [ -73.99706727467499, 40.708835719269445 ] } },
{ "type": "Feature", "properties": { "spdes": "NC-066", "LATITUDE": "40,42,28", "LONGITUDE": "73,59,44", "volume_06": 38, "events_06": 0, "volume_13": 17, "events_13": 26, "volume_14": 19, "events_14": 23, "volume_15": 13, "events_15": 33, "Waterbody": "Lower East River", "Waterbod_1": "East River" }, "geometry": { "type": "Point", "coordinates": [ -73.998433485277928, 40.708403671734594 ] } },
{ "type": "Feature", "properties": { "spdes": "NC-067", "LATITUDE": "40,42,13", "LONGITUDE": "73,59,59", "volume_06": 6, "events_06": 0, "volume_13": 6, "events_13": 19, "volume_14": 6, "events_14": 15, "volume_15": 4, "events_15": 17, "Waterbody": "Lower East River", "Waterbod_1": "East River" }, "geometry": { "type": "Point", "coordinates": [ -74.004176208227776, 40.705288225234632 ] } },
{ "type": "Feature", "properties": { "spdes": "NC-068", "LATITUDE": "40,42,05", "LONGITUDE": "74,00,23", "volume_06": 0, "events_06": 0, "volume_13": 0, "events_13": 17, "volume_14": 0, "events_14": 3, "volume_15": 0, "events_15": 11, "Waterbody": "Lower East River", "Waterbod_1": "East River" }, "geometry": { "type": "Point", "coordinates": [ -74.009394021583347, 40.701937888062183 ] } },
{ "type": "Feature", "properties": { "spdes": "NC-069", "LATITUDE": "40,42,04", "LONGITUDE": "74,00,25", "volume_06": 8, "events_06": 0, "volume_13": 8, "events_13": 18, "volume_14": 7, "events_14": 13, "volume_15": 4, "events_15": 14, "Waterbody": "Lower East River", "Waterbod_1": "East River" }, "geometry": { "type": "Point", "coordinates": [ -74.010495495729529, 40.701589877352617 ] } },
{ "type": "Feature", "properties": { "spdes": "NC-070", "LATITUDE": "40,42,12", "LONGITUDE": "74,01,03", "volume_06": 1, "events_06": 0, "volume_13": 1, "events_13": 17, "volume_14": 1, "events_14": 11, "volume_15": 1, "events_15": 14, "Waterbody": "Hudson River", "Waterbod_1": "Hudson River" }, "geometry": { "type": "Point", "coordinates": [ -74.01752581958246, 40.70470949898197 ] } },
{ "type": "Feature", "properties": { "spdes": "NC-071", "LATITUDE": "40,42,24", "LONGITUDE": "74,01,12", "volume_06": 10, "events_06": 0, "volume_13": 8, "events_13": 18, "volume_14": 9, "events_14": 18, "volume_15": 5, "events_15": 18, "Waterbody": "Hudson River", "Waterbod_1": "Hudson River" }, "geometry": { "type": "Point", "coordinates": [ -74.018815465219802, 40.708095040464585 ] } },
{ "type": "Feature", "properties": { "spdes": "NC-072", "LATITUDE": "40,43,01", "LONGITUDE": "74,00,49", "volume_06": 9, "events_06": 0, "volume_13": 9, "events_13": 19, "volume_14": 9, "events_14": 18, "volume_15": 6, "events_15": 19, "Waterbody": "Hudson River", "Waterbod_1": "Hudson River" }, "geometry": { "type": "Point", "coordinates": [ -74.016349888328435, 40.71339682152562 ] } },
{ "type": "Feature", "properties": { "spdes": "NC-073", "LATITUDE": "40,43,16", "LONGITUDE": "74,00,47", "volume_06": 29, "events_06": 0, "volume_13": 31, "events_13": 25, "volume_14": 34, "events_14": 23, "volume_15": 22, "events_15": 25, "Waterbody": "Hudson River", "Waterbod_1": "Hudson River" }, "geometry": { "type": "Point", "coordinates": [ -74.013129306841506, 40.718724730214475 ] } },
{ "type": "Feature", "properties": { "spdes": "NC-074", "LATITUDE": "40,43,28", "LONGITUDE": "74,00,43", "volume_06": 13, "events_06": 0, "volume_13": 8, "events_13": 19, "volume_14": 8, "events_14": 16, "volume_15": 5, "events_15": 15, "Waterbody": "Hudson River", "Waterbod_1": "Hudson River" }, "geometry": { "type": "Point", "coordinates": [ -74.012163431486343, 40.723039632752908 ] } },
{ "type": "Feature", "properties": { "spdes": "NC-075", "LATITUDE": "40,43,35", "LONGITUDE": "74,00,47", "volume_06": 81, "events_06": 0, "volume_13": 64, "events_13": 23, "volume_14": 68, "events_14": 19, "volume_15": 46, "events_15": 18, "Waterbody": "Hudson River", "Waterbod_1": "Hudson River" }, "geometry": { "type": "Point", "coordinates": [ -74.011920634876461, 40.724394545702836 ] } },
{ "type": "Feature", "properties": { "spdes": "NC-076", "LATITUDE": "40,43,50", "LONGITUDE": "74,00,46", "volume_06": 292, "events_06": 0, "volume_13": 196, "events_13": 44, "volume_14": 208, "events_14": 40, "volume_15": 148, "events_15": 57, "Waterbody": "Hudson River", "Waterbod_1": "Hudson River" }, "geometry": { "type": "Point", "coordinates": [ -74.014116457285269, 40.730119016044455 ] } },
{ "type": "Feature", "properties": { "spdes": "NC-077", "LATITUDE": "40,43,30", "LONGITUDE": "73,55,19", "volume_06": 262, "events_06": 49, "volume_13": 351, "events_13": 39, "volume_14": 403, "events_14": 43, "volume_15": 438, "events_15": 52, "Waterbody": "Newtown Creek", "Waterbod_1": "East River" }, "geometry": { "type": "Point", "coordinates": [ -73.920589399195578, 40.723457068343969 ] } },
{ "type": "Feature", "properties": { "spdes": "NC-078", "LATITUDE": "40,42,26", "LONGITUDE": "73,59,47", "volume_06": 11, "events_06": 0, "volume_13": 9, "events_13": 23, "volume_14": 10, "events_14": 21, "volume_15": 6, "events_15": 25, "Waterbody": "Lower East River", "Waterbod_1": "East River" }, "geometry": { "type": "Point", "coordinates": [ -73.999049555703749, 40.707912524390395 ] } },
{ "type": "Feature", "properties": { "spdes": "NC-079", "LATITUDE": "40,42,18", "LONGITUDE": "74,01,09", "volume_06": 1, "events_06": 0, "volume_13": 1, "events_13": 18, "volume_14": 1, "events_14": 12, "volume_15": 0, "events_15": 14, "Waterbody": "Hudson River", "Waterbod_1": "Hudson River" }, "geometry": { "type": "Point", "coordinates": [ -74.017961831233336, 40.704620101028183 ] } },
{ "type": "Feature", "properties": { "spdes": "NC-080", "LATITUDE": "40,43,41", "LONGITUDE": "74,00,46", "volume_06": 2, "events_06": 0, "volume_13": 9, "events_13": 27, "volume_14": 10, "events_14": 18, "volume_15": 4, "events_15": 24, "Waterbody": "Hudson River", "Waterbod_1": "Hudson River" }, "geometry": { "type": "Point", "coordinates": [ -74.011469713068735, 40.727343279041207 ] } },
{ "type": "Feature", "properties": { "spdes": "NC-081", "LATITUDE": "40,44,01", "LONGITUDE": "74,00,41", "volume_06": 2, "events_06": 0, "volume_13": 19, "events_13": 27, "volume_14": 17, "events_14": 20, "volume_15": 8, "events_15": 23, "Waterbody": "Hudson River", "Waterbod_1": "Hudson River" }, "geometry": { "type": "Point", "coordinates": [ -74.010758366142539, 40.733749339866662 ] } },
{ "type": "Feature", "properties": { "spdes": "NC-082", "LATITUDE": "40,42,41", "LONGITUDE": "73,58,03", "volume_06": 0, "events_06": 0, "volume_13": 1, "events_13": 11, "volume_14": 1, "events_14": 11, "volume_15": 0, "events_15": 9, "Waterbody": "Lower East River", "Waterbod_1": "East River" }, "geometry": { "type": "Point", "coordinates": [ -73.96961758065035, 40.710111308384008 ] } },
{ "type": "Feature", "properties": { "spdes": "NC-083", "LATITUDE": "40,42,58", "LONGITUDE": "73,55,17", "volume_06": 586, "events_06": 71, "volume_13": 812, "events_13": 59, "volume_14": 908, "events_14": 71, "volume_15": 375, "events_15": 17, "Waterbody": "Newtown Creek", "Waterbod_1": "East River" }, "geometry": { "type": "Point", "coordinates": [ -73.923961753062372, 40.714109704386374 ] } },
{ "type": "Feature", "properties": { "spdes": "NC-087", "LATITUDE": "40,44,55", "LONGITUDE": "73,59,06", "volume_06": 1, "events_06": 0, "volume_13": 6, "events_13": 18, "volume_14": 6, "events_14": 16, "volume_15": 2, "events_15": 12, "Waterbody": "Lower East River", "Waterbod_1": "East River" }, "geometry": { "type": "Point", "coordinates": [ -73.973928112092139, 40.734983868745573 ] } },
{ "type": "Feature", "properties": { "spdes": "NR-002", "LATITUDE": "40,50,01", "LONGITUDE": "73,57,00", "volume_06": 54, "events_06": 0, "volume_13": 0, "events_13": 0, "volume_14": 0, "events_14": 0, "volume_15": 25, "events_15": 41, "Waterbody": "Hudson River", "Waterbod_1": "Hudson River" }, "geometry": { "type": "Point", "coordinates": [ -73.951494512478618, 40.832208321190635 ] } },
{ "type": "Feature", "properties": { "spdes": "NR-003", "LATITUDE": "40,50,07", "LONGITUDE": "73,56,56", "volume_06": 9, "events_06": 0, "volume_13": 0, "events_13": 0, "volume_14": 0, "events_14": 0, "volume_15": 3, "events_15": 7, "Waterbody": "Hudson River", "Waterbod_1": "Hudson River" }, "geometry": { "type": "Point", "coordinates": [ -73.94939009306691, 40.836711495949615 ] } },
{ "type": "Feature", "properties": { "spdes": "NR-004", "LATITUDE": "40,50,14", "LONGITUDE": "73,56,49", "volume_06": 7, "events_06": 0, "volume_13": 0, "events_13": 0, "volume_14": 0, "events_14": 0, "volume_15": 5, "events_15": 7, "Waterbody": "Hudson River", "Waterbod_1": "Hudson River" }, "geometry": { "type": "Point", "coordinates": [ -73.946226587097911, 40.845318393660747 ] } },
{ "type": "Feature", "properties": { "spdes": "NR-005", "LATITUDE": "40,51,15", "LONGITUDE": "73,56,25", "volume_06": 0, "events_06": 0, "volume_13": 0, "events_13": 0, "volume_14": 0, "events_14": 0, "volume_15": 0, "events_15": 1, "Waterbody": "Hudson River", "Waterbod_1": "Hudson River" }, "geometry": { "type": "Point", "coordinates": [ -73.938977143307994, 40.858195281597709 ] } },
{ "type": "Feature", "properties": { "spdes": "NR-006", "LATITUDE": "40,52,10", "LONGITUDE": "73,55,46", "volume_06": 76, "events_06": 0, "volume_13": 0, "events_13": 0, "volume_14": 0, "events_14": 0, "volume_15": 33, "events_15": 17, "Waterbody": "Hudson River", "Waterbod_1": "Hudson River" }, "geometry": { "type": "Point", "coordinates": [ -73.932150112605598, 40.869494656538137 ] } },
{ "type": "Feature", "properties": { "spdes": "NR-007", "LATITUDE": "40,52,31", "LONGITUDE": "73,54,50", "volume_06": 2, "events_06": 0, "volume_13": 0, "events_13": 0, "volume_14": 0, "events_14": 0, "volume_15": 1, "events_15": 7, "Waterbody": "Harlem River", "Waterbod_1": "East River" }, "geometry": { "type": "Point", "coordinates": [ -73.918588192381463, 40.873220384388262 ] } },
{ "type": "Feature", "properties": { "spdes": "NR-008", "LATITUDE": "40,52,12", "LONGITUDE": "73,54,26", "volume_06": 27, "events_06": 0, "volume_13": 0, "events_13": 0, "volume_14": 0, "events_14": 0, "volume_15": 17, "events_15": 36, "Waterbody": "Harlem River", "Waterbod_1": "East River" }, "geometry": { "type": "Point", "coordinates": [ -73.911345266115148, 40.868808491664836 ] } },
{ "type": "Feature", "properties": { "spdes": "NR-009", "LATITUDE": "40,52,09", "LONGITUDE": "73,54,26", "volume_06": 3, "events_06": 0, "volume_13": 0, "events_13": 0, "volume_14": 0, "events_14": 0, "volume_15": 2, "events_15": 16, "Waterbody": "Harlem River", "Waterbod_1": "East River" }, "geometry": { "type": "Point", "coordinates": [ -73.911724030724528, 40.868086049933993 ] } },
{ "type": "Feature", "properties": { "spdes": "NR-010", "LATITUDE": "40,52,02", "LONGITUDE": "73,54,32", "volume_06": 14, "events_06": 0, "volume_13": 0, "events_13": 0, "volume_14": 0, "events_14": 0, "volume_15": 7, "events_15": 12, "Waterbody": "Harlem River", "Waterbod_1": "East River" }, "geometry": { "type": "Point", "coordinates": [ -73.91317892845656, 40.865670629438497 ] } },
{ "type": "Feature", "properties": { "spdes": "NR-011", "LATITUDE": "40,52,01", "LONGITUDE": "73,54,33", "volume_06": 3, "events_06": 0, "volume_13": 0, "events_13": 0, "volume_14": 0, "events_14": 0, "volume_15": 1, "events_15": 8, "Waterbody": "Harlem River", "Waterbod_1": "East River" }, "geometry": { "type": "Point", "coordinates": [ -73.915009197973703, 40.8644825680624 ] } },
{ "type": "Feature", "properties": { "spdes": "NR-012", "LATITUDE": "40,51,55", "LONGITUDE": "73,54,49", "volume_06": 2, "events_06": 0, "volume_13": 0, "events_13": 0, "volume_14": 0, "events_14": 0, "volume_15": 0, "events_15": 8, "Waterbody": "Harlem River", "Waterbod_1": "East River" }, "geometry": { "type": "Point", "coordinates": [ -73.915660977520417, 40.862931576961202 ] } },
{ "type": "Feature", "properties": { "spdes": "NR-013", "LATITUDE": "40,51,49", "LONGITUDE": "73,54,44", "volume_06": 1, "events_06": 0, "volume_13": 0, "events_13": 0, "volume_14": 0, "events_14": 0, "volume_15": 0, "events_15": 7, "Waterbody": "Harlem River", "Waterbod_1": "East River" }, "geometry": { "type": "Point", "coordinates": [ -73.916219566569282, 40.862422962850864 ] } },
{ "type": "Feature", "properties": { "spdes": "NR-014", "LATITUDE": "40,51,47", "LONGITUDE": "73,54,46", "volume_06": 3, "events_06": 0, "volume_13": 0, "events_13": 0, "volume_14": 0, "events_14": 0, "volume_15": 1, "events_15": 9, "Waterbody": "Harlem River", "Waterbod_1": "East River" }, "geometry": { "type": "Point", "coordinates": [ -73.916989133985581, 40.861928651777518 ] } },
{ "type": "Feature", "properties": { "spdes": "NR-015", "LATITUDE": null, "LONGITUDE": null, "volume_06": 0, "events_06": 0, "volume_13": 0, "events_13": 0, "volume_14": 0, "events_14": 0, "volume_15": 0, "events_15": 0, "Waterbody": "Hudson River", "Waterbod_1": "Hudson River" }, "geometry": { "type": "Point", "coordinates": [ -73.932056761193522, 40.86971819992732 ] } },
{ "type": "Feature", "properties": { "spdes": "NR-016", "LATITUDE": "40,51,43", "LONGITUDE": "73,54,49", "volume_06": 3, "events_06": 0, "volume_13": 0, "events_13": 0, "volume_14": 0, "events_14": 0, "volume_15": 1, "events_15": 9, "Waterbody": "Harlem River", "Waterbod_1": "East River" }, "geometry": { "type": "Point", "coordinates": [ -73.917972888800293, 40.860738552033986 ] } },
{ "type": "Feature", "properties": { "spdes": "NR-017", "LATITUDE": "40,51,39", "LONGITUDE": "73,54,53", "volume_06": 67, "events_06": 0, "volume_13": 0, "events_13": 0, "volume_14": 0, "events_14": 0, "volume_15": 28, "events_15": 17, "Waterbody": "Harlem River", "Waterbod_1": "East River" }, "geometry": { "type": "Point", "coordinates": [ -73.91886811727214, 40.85948683454361 ] } },
{ "type": "Feature", "properties": { "spdes": "NR-018", "LATITUDE": "40,51,31", "LONGITUDE": "73,55,00", "volume_06": 0, "events_06": 0, "volume_13": 0, "events_13": 0, "volume_14": 0, "events_14": 0, "volume_15": 0, "events_15": 2, "Waterbody": "Harlem River", "Waterbod_1": "East River" }, "geometry": { "type": "Point", "coordinates": [ -73.921504933921213, 40.857303657535034 ] } },
{ "type": "Feature", "properties": { "spdes": "NR-019", "LATITUDE": "40,44,09", "LONGITUDE": "74,00,35", "volume_06": 5, "events_06": 0, "volume_13": 0, "events_13": 0, "volume_14": 0, "events_14": 0, "volume_15": 3, "events_15": 15, "Waterbody": "Hudson River", "Waterbod_1": "Hudson River" }, "geometry": { "type": "Point", "coordinates": [ -74.010616512796133, 40.735957326113457 ] } },
{ "type": "Feature", "properties": { "spdes": "NR-020", "LATITUDE": "40,44,16", "LONGITUDE": "74,00,34", "volume_06": 18, "events_06": 0, "volume_13": 0, "events_13": 0, "volume_14": 0, "events_14": 0, "volume_15": 11, "events_15": 16, "Waterbody": "Hudson River", "Waterbod_1": "Hudson River" }, "geometry": { "type": "Point", "coordinates": [ -74.010448502957757, 40.738204208192457 ] } },
{ "type": "Feature", "properties": { "spdes": "NR-021", "LATITUDE": "40,44,25", "LONGITUDE": "74,00,40", "volume_06": 6, "events_06": 0, "volume_13": 0, "events_13": 0, "volume_14": 0, "events_14": 0, "volume_15": 4, "events_15": 14, "Waterbody": "Hudson River", "Waterbod_1": "Hudson River" }, "geometry": { "type": "Point", "coordinates": [ -74.011554506937927, 40.73951327345172 ] } },
{ "type": "Feature", "properties": { "spdes": "NR-022", "LATITUDE": "40,44,41", "LONGITUDE": "74,00,30", "volume_06": 16, "events_06": 0, "volume_13": 0, "events_13": 0, "volume_14": 0, "events_14": 0, "volume_15": 7, "events_15": 13, "Waterbody": "Hudson River", "Waterbod_1": "Hudson River" }, "geometry": { "type": "Point", "coordinates": [ -74.00882540038252, 40.744743665982696 ] } },
{ "type": "Feature", "properties": { "spdes": "NR-023", "LATITUDE": "40,44,42", "LONGITUDE": "74,00,36", "volume_06": 41, "events_06": 0, "volume_13": 0, "events_13": 0, "volume_14": 0, "events_14": 0, "volume_15": 20, "events_15": 12, "Waterbody": "Hudson River", "Waterbod_1": "Hudson River" }, "geometry": { "type": "Point", "coordinates": [ -74.009441474900839, 40.745727575719464 ] } },
{ "type": "Feature", "properties": { "spdes": "NR-024", "LATITUDE": "40,44,57", "LONGITUDE": "74,00,31", "volume_06": 18, "events_06": 0, "volume_13": 0, "events_13": 0, "volume_14": 0, "events_14": 0, "volume_15": 8, "events_15": 14, "Waterbody": "Hudson River", "Waterbod_1": "Hudson River" }, "geometry": { "type": "Point", "coordinates": [ -74.008912947385909, 40.748231787123068 ] } },
{ "type": "Feature", "properties": { "spdes": "NR-025", "LATITUDE": "40,45,03", "LONGITUDE": "74,00,34", "volume_06": 19, "events_06": 0, "volume_13": 0, "events_13": 0, "volume_14": 0, "events_14": 0, "volume_15": 8, "events_15": 13, "Waterbody": "Hudson River", "Waterbod_1": "Hudson River" }, "geometry": { "type": "Point", "coordinates": [ -74.009499261722127, 40.7499993057721 ] } },
{ "type": "Feature", "properties": { "spdes": "NR-026", "LATITUDE": "40,45,11", "LONGITUDE": "74,00,32", "volume_06": 26, "events_06": 0, "volume_13": 0, "events_13": 0, "volume_14": 0, "events_14": 0, "volume_15": 13, "events_15": 18, "Waterbody": "Hudson River", "Waterbod_1": "Hudson River" }, "geometry": { "type": "Point", "coordinates": [ -74.008490551169032, 40.751993367960985 ] } },
{ "type": "Feature", "properties": { "spdes": "NR-027", "LATITUDE": "40,45,20", "LONGITUDE": "74,00,26", "volume_06": 72, "events_06": 0, "volume_13": 0, "events_13": 0, "volume_14": 0, "events_14": 0, "volume_15": 70, "events_15": 13, "Waterbody": "Hudson River", "Waterbod_1": "Hudson River" }, "geometry": { "type": "Point", "coordinates": [ -74.007187129933072, 40.754635848754745 ] } },
{ "type": "Feature", "properties": { "spdes": "NR-028", "LATITUDE": "40,45,36", "LONGITUDE": "74,00,15", "volume_06": 13, "events_06": 0, "volume_13": 0, "events_13": 0, "volume_14": 0, "events_14": 0, "volume_15": 3, "events_15": 8, "Waterbody": "Hudson River", "Waterbod_1": "Hudson River" }, "geometry": { "type": "Point", "coordinates": [ -74.004708547255845, 40.758460215410096 ] } },
{ "type": "Feature", "properties": { "spdes": "NR-029", "LATITUDE": "40,45,48", "LONGITUDE": "74,00,07", "volume_06": 7, "events_06": 0, "volume_13": 0, "events_13": 0, "volume_14": 0, "events_14": 0, "volume_15": 3, "events_15": 11, "Waterbody": "Hudson River", "Waterbod_1": "Hudson River" }, "geometry": { "type": "Point", "coordinates": [ -74.002697751769588, 40.761001582531918 ] } },
{ "type": "Feature", "properties": { "spdes": "NR-030", "LATITUDE": "40,45,54", "LONGITUDE": "73,59,59", "volume_06": 3, "events_06": 0, "volume_13": 0, "events_13": 0, "volume_14": 0, "events_14": 0, "volume_15": 1, "events_15": 8, "Waterbody": "Hudson River", "Waterbod_1": "Hudson River" }, "geometry": { "type": "Point", "coordinates": [ -74.001429053724038, 40.762720639241813 ] } },
{ "type": "Feature", "properties": { "spdes": "NR-031", "LATITUDE": "40,45,58", "LONGITUDE": "73,59,53", "volume_06": 4, "events_06": 0, "volume_13": 0, "events_13": 0, "volume_14": 0, "events_14": 0, "volume_15": 2, "events_15": 10, "Waterbody": "Hudson River", "Waterbod_1": "Hudson River" }, "geometry": { "type": "Point", "coordinates": [ -73.999930616040956, 40.763375056245529 ] } },
{ "type": "Feature", "properties": { "spdes": "NR-032", "LATITUDE": "40,46,02", "LONGITUDE": "73,59,49", "volume_06": 2, "events_06": 0, "volume_13": 0, "events_13": 0, "volume_14": 0, "events_14": 0, "volume_15": 0, "events_15": 5, "Waterbody": "Hudson River", "Waterbod_1": "Hudson River" }, "geometry": { "type": "Point", "coordinates": [ -73.999137435075568, 40.764306437615382 ] } },
{ "type": "Feature", "properties": { "spdes": "NR-033", "LATITUDE": "40,46,07", "LONGITUDE": "73,59,47", "volume_06": 24, "events_06": 0, "volume_13": 0, "events_13": 0, "volume_14": 0, "events_14": 0, "volume_15": 16, "events_15": 10, "Waterbody": "Hudson River", "Waterbod_1": "Hudson River" }, "geometry": { "type": "Point", "coordinates": [ -73.997863631380511, 40.766037074320458 ] } },
{ "type": "Feature", "properties": { "spdes": "NR-034", "LATITUDE": "40,46,10", "LONGITUDE": "73,59,43", "volume_06": 8, "events_06": 0, "volume_13": 0, "events_13": 0, "volume_14": 0, "events_14": 0, "volume_15": 4, "events_15": 15, "Waterbody": "Hudson River", "Waterbod_1": "Hudson River" }, "geometry": { "type": "Point", "coordinates": [ -73.99722945382598, 40.767033548213341 ] } },
{ "type": "Feature", "properties": { "spdes": "NR-035", "LATITUDE": "40,46,26", "LONGITUDE": "73,59,35", "volume_06": 10, "events_06": 0, "volume_13": 0, "events_13": 0, "volume_14": 0, "events_14": 0, "volume_15": 6, "events_15": 15, "Waterbody": "Hudson River", "Waterbod_1": "Hudson River" }, "geometry": { "type": "Point", "coordinates": [ -73.994141158111162, 40.772507966212288 ] } },
{ "type": "Feature", "properties": { "spdes": "NR-036", "LATITUDE": "40,46,34", "LONGITUDE": "73,59,33", "volume_06": 20, "events_06": 0, "volume_13": 0, "events_13": 0, "volume_14": 0, "events_14": 0, "volume_15": 9, "events_15": 15, "Waterbody": "Hudson River", "Waterbod_1": "Hudson River" }, "geometry": { "type": "Point", "coordinates": [ -73.993812378773072, 40.772983296601446 ] } },
{ "type": "Feature", "properties": { "spdes": "NR-037", "LATITUDE": "40,46,59", "LONGITUDE": "73,59,18", "volume_06": 1, "events_06": 0, "volume_13": 2, "events_13": 5, "volume_14": 3, "events_14": 5, "volume_15": 1, "events_15": 3, "Waterbody": "Hudson River", "Waterbod_1": "Hudson River" }, "geometry": { "type": "Point", "coordinates": [ -73.988300065028611, 40.781188442191528 ] } },
{ "type": "Feature", "properties": { "spdes": "NR-038", "LATITUDE": "40,47,13", "LONGITUDE": "73,59,02", "volume_06": 6, "events_06": 0, "volume_13": 8, "events_13": 9, "volume_14": 8, "events_14": 11, "volume_15": 6, "events_15": 6, "Waterbody": "Hudson River", "Waterbod_1": "Hudson River" }, "geometry": { "type": "Point", "coordinates": [ -73.984511754591793, 40.786766334227856 ] } },
{ "type": "Feature", "properties": { "spdes": "NR-039", "LATITUDE": "40,47,41", "LONGITUDE": "73,58,43", "volume_06": 0, "events_06": 0, "volume_13": 0, "events_13": 0, "volume_14": 0, "events_14": 0, "volume_15": 0, "events_15": 0, "Waterbody": "Hudson River", "Waterbod_1": "Hudson River" }, "geometry": { "type": "Point", "coordinates": [ -73.98021939077114, 40.792992797229239 ] } },
{ "type": "Feature", "properties": { "spdes": "NR-040", "LATITUDE": "40,47,53", "LONGITUDE": "73,58,33", "volume_06": 33, "events_06": 0, "volume_13": 26, "events_13": 12, "volume_14": 32, "events_14": 13, "volume_15": 13, "events_15": 11, "Waterbody": "Hudson River", "Waterbod_1": "Hudson River" }, "geometry": { "type": "Point", "coordinates": [ -73.977350218922368, 40.796834295801318 ] } },
{ "type": "Feature", "properties": { "spdes": "NR-041", "LATITUDE": "40,48,04", "LONGITUDE": "73,58,24", "volume_06": 3, "events_06": 0, "volume_13": 2, "events_13": 10, "volume_14": 2, "events_14": 11, "volume_15": 1, "events_15": 6, "Waterbody": "Hudson River", "Waterbod_1": "Hudson River" }, "geometry": { "type": "Point", "coordinates": [ -73.971781841863788, 40.80468689910245 ] } },
{ "type": "Feature", "properties": { "spdes": "NR-042", "LATITUDE": "40,48,22", "LONGITUDE": "73,58,13", "volume_06": 4, "events_06": 0, "volume_13": 3, "events_13": 12, "volume_14": 3, "events_14": 14, "volume_15": 2, "events_15": 8, "Waterbody": "Hudson River", "Waterbod_1": "Hudson River" }, "geometry": { "type": "Point", "coordinates": [ -73.968633025439274, 40.808969361827913 ] } },
{ "type": "Feature", "properties": { "spdes": "NR-043", "LATITUDE": "40,49,09", "LONGITUDE": "73,57,38", "volume_06": 132, "events_06": 0, "volume_13": 85, "events_13": 17, "volume_14": 110, "events_14": 18, "volume_15": 60, "events_15": 15, "Waterbody": "Hudson River", "Waterbod_1": "Hudson River" }, "geometry": { "type": "Point", "coordinates": [ -73.961913626096106, 40.818093126005785 ] } },
{ "type": "Feature", "properties": { "spdes": "NR-044", "LATITUDE": "40,49,26", "LONGITUDE": "73,57,47", "volume_06": 2, "events_06": 0, "volume_13": 1, "events_13": 11, "volume_14": 1, "events_14": 14, "volume_15": 1, "events_15": 7, "Waterbody": "Hudson River", "Waterbod_1": "Hudson River" }, "geometry": { "type": "Point", "coordinates": [ -73.959277079114017, 40.824055170774436 ] } },
{ "type": "Feature", "properties": { "spdes": "NR-045", "LATITUDE": "40,51,35", "LONGITUDE": "73,54,56", "volume_06": 17, "events_06": 0, "volume_13": 15, "events_13": 12, "volume_14": 19, "events_14": 18, "volume_15": 8, "events_15": 10, "Waterbody": "Harlem River", "Waterbod_1": "East River" }, "geometry": { "type": "Point", "coordinates": [ -73.921318270655888, 40.860241960973859 ] } },
{ "type": "Feature", "properties": { "spdes": "NR-046", "LATITUDE": "40,46,49", "LONGITUDE": "73,59,25", "volume_06": 8, "events_06": 0, "volume_13": 9, "events_13": 12, "volume_14": 9, "events_14": 14, "volume_15": 6, "events_15": 9, "Waterbody": "Hudson River", "Waterbod_1": "Hudson River" }, "geometry": { "type": "Point", "coordinates": [ -73.990975461786874, 40.777544573627395 ] } },
{ "type": "Feature", "properties": { "spdes": "NR-047", "LATITUDE": "40,45,45", "LONGITUDE": "73,59,55", "volume_06": 0, "events_06": 0, "volume_13": 0, "events_13": 8, "volume_14": 0, "events_14": 14, "volume_15": 0, "events_15": 2, "Waterbody": "Hudson River", "Waterbod_1": "Hudson River" }, "geometry": { "type": "Point", "coordinates": [ -73.998730903743578, 40.765146659542992 ] } },
{ "type": "Feature", "properties": { "spdes": "NR-048", "LATITUDE": "40,45,52", "LONGITUDE": "74,00,02", "volume_06": 4, "events_06": 0, "volume_13": 4, "events_13": 25, "volume_14": 6, "events_14": 15, "volume_15": 4, "events_15": 14, "Waterbody": "Hudson River", "Waterbod_1": "Hudson River" }, "geometry": { "type": "Point", "coordinates": [ -74.001815208804459, 40.762213496002317 ] } },
{ "type": "Feature", "properties": { "spdes": "NR-049", "LATITUDE": "40,44,36", "LONGITUDE": "74,00,35", "volume_06": 14, "events_06": 0, "volume_13": 11, "events_13": 46, "volume_14": 14, "events_14": 52, "volume_15": 6, "events_15": 15, "Waterbody": "Hudson River", "Waterbod_1": "Hudson River" }, "geometry": { "type": "Point", "coordinates": [ -74.009312595178443, 40.74242439927923 ] } },
{ "type": "Feature", "properties": { "spdes": "NR-050", "LATITUDE": "40,44,30", "LONGITUDE": "74,00,36", "volume_06": 0, "events_06": 0, "volume_13": 0, "events_13": 5, "volume_14": 0, "events_14": 3, "volume_15": 0, "events_15": 0, "Waterbody": "Hudson River", "Waterbod_1": "Hudson River" }, "geometry": { "type": "Point", "coordinates": [ -74.011434125644669, 40.740650795454002 ] } },
{ "type": "Feature", "properties": { "spdes": "NR-051", "LATITUDE": "40,46,08", "LONGITUDE": "73,59,47", "volume_06": 0, "events_06": 0, "volume_13": 0, "events_13": 0, "volume_14": 0, "events_14": 0, "volume_15": 0, "events_15": 0, "Waterbody": "Hudson River", "Waterbod_1": "Hudson River" }, "geometry": { "type": "Point", "coordinates": [ -73.997615633766003, 40.766435749788933 ] } },
{ "type": "Feature", "properties": { "spdes": "NR-052", "LATITUDE": "40,45,32", "LONGITUDE": "74,00,16", "volume_06": 2, "events_06": 0, "volume_13": 1, "events_13": 7, "volume_14": 1, "events_14": 8, "volume_15": 0, "events_15": 0, "Waterbody": "Hudson River", "Waterbod_1": "Hudson River" }, "geometry": { "type": "Point", "coordinates": [ -74.005977866009189, 40.756459632372071 ] } },
{ "type": "Feature", "properties": { "spdes": "NR-053", "LATITUDE": null, "LONGITUDE": null, "volume_06": 0, "events_06": 0, "volume_13": 0, "events_13": 0, "volume_14": 0, "events_14": 0, "volume_15": 0, "events_15": 0, "Waterbody": "Hudson River", "Waterbod_1": "Hudson River" }, "geometry": { "type": "Point", "coordinates": [ -74.001527623775232, 40.762567058380519 ] } },
{ "type": "Feature", "properties": { "spdes": "NR-054", "LATITUDE": null, "LONGITUDE": null, "volume_06": 0, "events_06": 0, "volume_13": 0, "events_13": 0, "volume_14": 0, "events_14": 0, "volume_15": 0, "events_15": 0, "Waterbody": "Hudson River", "Waterbod_1": "Hudson River" }, "geometry": { "type": "Point", "coordinates": [ -73.998994394706628, 40.764470125361662 ] } },
{ "type": "Feature", "properties": { "spdes": "NR-055", "LATITUDE": "40,51,47", "LONGITUDE": "73,54,57", "volume_06": 1, "events_06": 0, "volume_13": 1, "events_13": 10, "volume_14": 1, "events_14": 10, "volume_15": 1, "events_15": 9, "Waterbody": "Harlem River", "Waterbod_1": "East River" }, "geometry": { "type": "Point", "coordinates": [ -73.915484033703066, 40.863227167779044 ] } },
{ "type": "Feature", "properties": { "spdes": "OH-002", "LATITUDE": "40,38,53", "LONGITUDE": "74,01,46", "volume_06": 413, "events_06": 0, "volume_13": 354, "events_13": 28, "volume_14": 675, "events_14": 39, "volume_15": 476, "events_15": 35, "Waterbody": "Upper New York Bay", "Waterbod_1": "Upper New York Bay" }, "geometry": { "type": "Point", "coordinates": [ -74.031020692468942, 40.644777074678608 ] } },
{ "type": "Feature", "properties": { "spdes": "OH-003", "LATITUDE": "40,39,19", "LONGITUDE": "74,01,19", "volume_06": 397, "events_06": 0, "volume_13": 358, "events_13": 39, "volume_14": 586, "events_14": 47, "volume_15": 330, "events_15": 43, "Waterbody": "Upper New York Bay", "Waterbod_1": "Upper New York Bay" }, "geometry": { "type": "Point", "coordinates": [ -74.021191692023493, 40.652687561306664 ] } },
{ "type": "Feature", "properties": { "spdes": "OH-004", "LATITUDE": "40,39,24", "LONGITUDE": "74,00,57", "volume_06": 1, "events_06": 0, "volume_13": 0, "events_13": 0, "volume_14": 0, "events_14": 0, "volume_15": 5, "events_15": 9, "Waterbody": "Upper New York Bay", "Waterbod_1": "Upper New York Bay" }, "geometry": { "type": "Point", "coordinates": [ -74.016921041286338, 40.655399103266454 ] } },
{ "type": "Feature", "properties": { "spdes": "OH-005", "LATITUDE": "40,39,41", "LONGITUDE": "73,59,35", "volume_06": 1, "events_06": 5, "volume_13": 0, "events_13": 0, "volume_14": 2, "events_14": 2, "volume_15": 2, "events_15": 1, "Waterbody": "Gowanus Canal", "Waterbod_1": "East River" }, "geometry": { "type": "Point", "coordinates": [ -73.988998598977773, 40.678066608014056 ] } },
{ "type": "Feature", "properties": { "spdes": "OH-006", "LATITUDE": "40,40,11", "LONGITUDE": "73,59,52", "volume_06": 13, "events_06": 33, "volume_13": 9, "events_13": 18, "volume_14": 23, "events_14": 29, "volume_15": 13, "events_15": 28, "Waterbody": "Gowanus Canal", "Waterbod_1": "East River" }, "geometry": { "type": "Point", "coordinates": [ -74.000576481471327, 40.667436176299617 ] } },
{ "type": "Feature", "properties": { "spdes": "OH-007", "LATITUDE": "40,40,39", "LONGITUDE": "73,59,15", "volume_06": 69, "events_06": 47, "volume_13": 47, "events_13": 38, "volume_14": 85, "events_14": 48, "volume_15": 52, "events_15": 41, "Waterbody": "Gowanus Canal", "Waterbod_1": "East River" }, "geometry": { "type": "Point", "coordinates": [ -73.990940737549465, 40.675501777774656 ] } },
{ "type": "Feature", "properties": { "spdes": "OH-008", "LATITUDE": "40,40,30", "LONGITUDE": "73,59,36", "volume_06": 0, "events_06": 0, "volume_13": 0, "events_13": 0, "volume_14": 0, "events_14": 0, "volume_15": 0, "events_15": 0, "Waterbody": "Gowanus Canal", "Waterbod_1": "East River" }, "geometry": { "type": "Point", "coordinates": [ -73.996263785528399, 40.674002140779315 ] } },
{ "type": "Feature", "properties": { "spdes": "OH-009", "LATITUDE": "40,40,40", "LONGITUDE": "73,59,23", "volume_06": 0, "events_06": 0, "volume_13": 0, "events_13": 0, "volume_14": 0, "events_14": 0, "volume_15": 0, "events_15": 0, "Waterbody": "Gowanus Canal", "Waterbod_1": "East River" }, "geometry": { "type": "Point", "coordinates": [ -73.993345816072605, 40.675924619049638 ] } },
{ "type": "Feature", "properties": { "spdes": "OH-015", "LATITUDE": "40,36,11", "LONGITUDE": "74,00,28", "volume_06": 1140, "events_06": 0, "volume_13": 668, "events_13": 43, "volume_14": 1367, "events_14": 24, "volume_15": 919, "events_15": 23, "Waterbody": "Gravesend Bay", "Waterbod_1": "Sandy Hook Bay" }, "geometry": { "type": "Point", "coordinates": [ -74.012243482379844, 40.601332442253323 ] } },
{ "type": "Feature", "properties": { "spdes": "OH-017", "LATITUDE": "40,37,21", "LONGITUDE": "74,02,20", "volume_06": 235, "events_06": 0, "volume_13": 257, "events_13": 24, "volume_14": 439, "events_14": 35, "volume_15": 357, "events_15": 32, "Waterbody": "Upper New York Bay", "Waterbod_1": "Upper New York Bay" }, "geometry": { "type": "Point", "coordinates": [ -74.041668868550801, 40.620576580937332 ] } },
{ "type": "Feature", "properties": { "spdes": "OH-018", "LATITUDE": "40,38,01", "LONGITUDE": "74,02,16", "volume_06": 163, "events_06": 0, "volume_13": 142, "events_13": 31, "volume_14": 255, "events_14": 43, "volume_15": 141, "events_15": 38, "Waterbody": "Upper New York Bay", "Waterbod_1": "Upper New York Bay" }, "geometry": { "type": "Point", "coordinates": [ -74.040426456570728, 40.631707315839755 ] } },
{ "type": "Feature", "properties": { "spdes": "OH-019", "LATITUDE": "40,38,19", "LONGITUDE": "74,02,09", "volume_06": 42, "events_06": 0, "volume_13": 44, "events_13": 27, "volume_14": 83, "events_14": 37, "volume_15": 35, "events_15": 35, "Waterbody": "Upper New York Bay", "Waterbod_1": "Upper New York Bay" }, "geometry": { "type": "Point", "coordinates": [ -74.037841382488338, 40.636860113213622 ] } },
{ "type": "Feature", "properties": { "spdes": "OH-020", "LATITUDE": "40,38,28", "LONGITUDE": "74,02,02", "volume_06": 1, "events_06": 0, "volume_13": 1, "events_13": 7, "volume_14": 4, "events_14": 18, "volume_15": 2, "events_15": 28, "Waterbody": "Upper New York Bay", "Waterbod_1": "Upper New York Bay" }, "geometry": { "type": "Point", "coordinates": [ -74.038708691131689, 40.639672803573063 ] } },
{ "type": "Feature", "properties": { "spdes": "OH-021", "LATITUDE": "40,35,45", "LONGITUDE": "73,58,44", "volume_06": 292, "events_06": 54, "volume_13": 36, "events_13": 13, "volume_14": 187, "events_14": 26, "volume_15": 57, "events_15": 26, "Waterbody": "Coney Island Creek", "Waterbod_1": "Coney Island Creek" }, "geometry": { "type": "Point", "coordinates": [ -73.983952484281431, 40.583247026424495 ] } },
{ "type": "Feature", "properties": { "spdes": "OH-022", "LATITUDE": "40,39,41", "LONGITUDE": "74,00,23", "volume_06": 0, "events_06": 0, "volume_13": 0, "events_13": 0, "volume_14": 0, "events_14": 0, "volume_15": 0, "events_15": 0, "Waterbody": "Gowanus Bay", "Waterbod_1": "Upper New York Bay" }, "geometry": { "type": "Point", "coordinates": [ -74.008017006237353, 40.660062713866985 ] } },
{ "type": "Feature", "properties": { "spdes": "OH-023", "LATITUDE": "40,39,49", "LONGITUDE": "74,00,13", "volume_06": 1, "events_06": 0, "volume_13": 0, "events_13": 0, "volume_14": 0, "events_14": 0, "volume_15": 1, "events_15": 6, "Waterbody": "Gowanus Bay", "Waterbod_1": "Upper New York Bay" }, "geometry": { "type": "Point", "coordinates": [ -74.004336559112119, 40.661496594739994 ] } },
{ "type": "Feature", "properties": { "spdes": "PR-002", "LATITUDE": "40,38,25", "LONGITUDE": "74,07,27", "volume_06": 0, "events_06": 0, "volume_13": 0, "events_13": 0, "volume_14": 0, "events_14": 0, "volume_15": 0, "events_15": 0, "Waterbody": "Upper New York Bay", "Waterbod_1": "Upper New York Bay" }, "geometry": { "type": "Point", "coordinates": [ -74.123676057845458, 40.640333529181639 ] } },
{ "type": "Feature", "properties": { "spdes": "PR-003", "LATITUDE": "40,38,24", "LONGITUDE": "74,07,35", "volume_06": 0, "events_06": 0, "volume_13": 0, "events_13": 0, "volume_14": 0, "events_14": 0, "volume_15": 0, "events_15": 0, "Waterbody": "Upper New York Bay", "Waterbod_1": "Upper New York Bay" }, "geometry": { "type": "Point", "coordinates": [ -74.118486582656843, 40.641526933073663 ] } },
{ "type": "Feature", "properties": { "spdes": "PR-004", "LATITUDE": null, "LONGITUDE": null, "volume_06": 0, "events_06": 0, "volume_13": 0, "events_13": 0, "volume_14": 0, "events_14": 0, "volume_15": 0, "events_15": 0, "Waterbody": "Upper New York Bay", "Waterbod_1": "Upper New York Bay" }, "geometry": { "type": "Point", "coordinates": [ -74.108821513076933, 40.645627121109122 ] } },
{ "type": "Feature", "properties": { "spdes": "PR-005", "LATITUDE": "40,38,45", "LONGITUDE": "74,06,17", "volume_06": 0, "events_06": 0, "volume_13": 0, "events_13": 0, "volume_14": 0, "events_14": 1, "volume_15": 0, "events_15": 0, "Waterbody": "Upper New York Bay", "Waterbod_1": "Upper New York Bay" }, "geometry": { "type": "Point", "coordinates": [ -74.106716719232693, 40.64561435324336 ] } },
{ "type": "Feature", "properties": { "spdes": "PR-006", "LATITUDE": "40,38,43", "LONGITUDE": "74,05,56", "volume_06": 6, "events_06": 0, "volume_13": 7, "events_13": 27, "volume_14": 9, "events_14": 23, "volume_15": 4, "events_15": 15, "Waterbody": "Upper New York Bay", "Waterbod_1": "Upper New York Bay" }, "geometry": { "type": "Point", "coordinates": [ -74.098391310410008, 40.645323849354675 ] } },
{ "type": "Feature", "properties": { "spdes": "PR-007", "LATITUDE": "40,38,44", "LONGITUDE": "74,06,09", "volume_06": 0, "events_06": 0, "volume_13": 0, "events_13": 0, "volume_14": 0, "events_14": 0, "volume_15": 0, "events_15": 0, "Waterbody": "Upper New York Bay", "Waterbod_1": "Upper New York Bay" }, "geometry": { "type": "Point", "coordinates": [ -74.105732714629497, 40.645603161582407 ] } },
{ "type": "Feature", "properties": { "spdes": "PR-008", "LATITUDE": "40,38,46", "LONGITUDE": "74,05,37", "volume_06": 0, "events_06": 0, "volume_13": 0, "events_13": 0, "volume_14": 0, "events_14": 0, "volume_15": 0, "events_15": 0, "Waterbody": "Upper New York Bay", "Waterbod_1": "Upper New York Bay" }, "geometry": { "type": "Point", "coordinates": [ -74.093063533091296, 40.646005306935031 ] } },
{ "type": "Feature", "properties": { "spdes": "PR-009", "LATITUDE": "40,38,51", "LONGITUDE": "74,05,23", "volume_06": 0, "events_06": 0, "volume_13": 0, "events_13": 0, "volume_14": 0, "events_14": 0, "volume_15": 0, "events_15": 0, "Waterbody": "Upper New York Bay", "Waterbod_1": "Upper New York Bay" }, "geometry": { "type": "Point", "coordinates": [ -74.089234998696455, 40.647317608122385 ] } },
{ "type": "Feature", "properties": { "spdes": "PR-010", "LATITUDE": "40,38,55", "LONGITUDE": "74,05,04", "volume_06": 0, "events_06": 0, "volume_13": 1, "events_13": 10, "volume_14": 1, "events_14": 6, "volume_15": 1, "events_15": 4, "Waterbody": "Upper New York Bay", "Waterbod_1": "Upper New York Bay" }, "geometry": { "type": "Point", "coordinates": [ -74.084188110162287, 40.648706847982346 ] } },
{ "type": "Feature", "properties": { "spdes": "PR-011", "LATITUDE": "40,38,45", "LONGITUDE": "74,04,32", "volume_06": 0, "events_06": 0, "volume_13": 0, "events_13": 3, "volume_14": 0, "events_14": 2, "volume_15": 0, "events_15": 2, "Waterbody": "Upper New York Bay", "Waterbod_1": "Upper New York Bay" }, "geometry": { "type": "Point", "coordinates": [ -74.075673701987654, 40.646351819152088 ] } },
{ "type": "Feature", "properties": { "spdes": "PR-013", "LATITUDE": "40,38,15", "LONGITUDE": "74,04,25", "volume_06": 28, "events_06": 0, "volume_13": 56, "events_13": 37, "volume_14": 64, "events_14": 43, "volume_15": 29, "events_15": 17, "Waterbody": "Upper New York Bay", "Waterbod_1": "Upper New York Bay" }, "geometry": { "type": "Point", "coordinates": [ -74.073438922210116, 40.637757570034474 ] } },
{ "type": "Feature", "properties": { "spdes": "PR-014", "LATITUDE": "40,37,50", "LONGITUDE": "74,04,23", "volume_06": 23, "events_06": 0, "volume_13": 42, "events_13": 39, "volume_14": 48, "events_14": 47, "volume_15": 23, "events_15": 24, "Waterbody": "Upper New York Bay", "Waterbod_1": "Upper New York Bay" }, "geometry": { "type": "Point", "coordinates": [ -74.073029758099167, 40.630677443677584 ] } },
{ "type": "Feature", "properties": { "spdes": "PR-015", "LATITUDE": "40,37,32", "LONGITUDE": "74,04,20", "volume_06": 1, "events_06": 0, "volume_13": 2, "events_13": 16, "volume_14": 2, "events_14": 16, "volume_15": 1, "events_15": 10, "Waterbody": "Upper New York Bay", "Waterbod_1": "Upper New York Bay" }, "geometry": { "type": "Point", "coordinates": [ -74.072106583989779, 40.624741310761323 ] } },
{ "type": "Feature", "properties": { "spdes": "PR-016", "LATITUDE": "40,37,32", "LONGITUDE": "74,04,20", "volume_06": 0, "events_06": 0, "volume_13": 2, "events_13": 19, "volume_14": 2, "events_14": 21, "volume_15": 1, "events_15": 11, "Waterbody": "Upper New York Bay", "Waterbod_1": "Upper New York Bay" }, "geometry": { "type": "Point", "coordinates": [ -74.071997445632562, 40.624612702902219 ] } },
{ "type": "Feature", "properties": { "spdes": "PR-017", "LATITUDE": "40,37,22", "LONGITUDE": "74,04,14", "volume_06": 12, "events_06": 0, "volume_13": 15, "events_13": 42, "volume_14": 18, "events_14": 51, "volume_15": 9, "events_15": 24, "Waterbody": "Upper New York Bay", "Waterbod_1": "Upper New York Bay" }, "geometry": { "type": "Point", "coordinates": [ -74.070874827829385, 40.622789647666231 ] } },
{ "type": "Feature", "properties": { "spdes": "PR-018", "LATITUDE": "40,37,12", "LONGITUDE": "74,04,04", "volume_06": 3, "events_06": 0, "volume_13": 3, "events_13": 31, "volume_14": 4, "events_14": 34, "volume_15": 2, "events_15": 21, "Waterbody": "Upper New York Bay", "Waterbod_1": "Upper New York Bay" }, "geometry": { "type": "Point", "coordinates": [ -74.069349439363364, 40.620988065609957 ] } },
{ "type": "Feature", "properties": { "spdes": "PR-019", "LATITUDE": "40,37,09", "LONGITUDE": "74,04,00", "volume_06": 26, "events_06": 0, "volume_13": 64, "events_13": 46, "volume_14": 74, "events_14": 53, "volume_15": 37, "events_15": 28, "Waterbody": "Upper New York Bay", "Waterbod_1": "Upper New York Bay" }, "geometry": { "type": "Point", "coordinates": [ -74.067091875050437, 40.619457115169695 ] } },
{ "type": "Feature", "properties": { "spdes": "PR-020", "LATITUDE": "40,37,01", "LONGITUDE": "74,03,51", "volume_06": 2, "events_06": 0, "volume_13": 10, "events_13": 42, "volume_14": 11, "events_14": 48, "volume_15": 6, "events_15": 26, "Waterbody": "Upper New York Bay", "Waterbod_1": "Upper New York Bay" }, "geometry": { "type": "Point", "coordinates": [ -74.064906181282197, 40.617365641100385 ] } },
{ "type": "Feature", "properties": { "spdes": "PR-021", "LATITUDE": "40,36,56", "LONGITUDE": "74,03,46", "volume_06": 0, "events_06": 0, "volume_13": 1, "events_13": 15, "volume_14": 1, "events_14": 18, "volume_15": 0, "events_15": 7, "Waterbody": "Upper New York Bay", "Waterbod_1": "Upper New York Bay" }, "geometry": { "type": "Point", "coordinates": [ -74.062975016931659, 40.615799616098876 ] } },
{ "type": "Feature", "properties": { "spdes": "PR-023", "LATITUDE": "40,36,43", "LONGITUDE": "74,03,38", "volume_06": 0, "events_06": 0, "volume_13": 0, "events_13": 0, "volume_14": 0, "events_14": 0, "volume_15": 0, "events_15": 0, "Waterbody": "Upper New York Bay", "Waterbod_1": "Upper New York Bay" }, "geometry": { "type": "Point", "coordinates": [ -74.060006483725971, 40.611931860707415 ] } },
{ "type": "Feature", "properties": { "spdes": "PR-024", "LATITUDE": "40,38,44", "LONGITUDE": "74,10,02", "volume_06": 0, "events_06": 0, "volume_13": 0, "events_13": 0, "volume_14": 0, "events_14": 0, "volume_15": 0, "events_15": 0, "Waterbody": "Newark Bay", "Waterbod_1": "Upper New York Bay" }, "geometry": { "type": "Point", "coordinates": [ -74.17236252543124, 40.642830730860645 ] } },
{ "type": "Feature", "properties": { "spdes": "PR-025", "LATITUDE": "40,38,35", "LONGITUDE": "74,09,41", "volume_06": 0, "events_06": 0, "volume_13": 0, "events_13": 0, "volume_14": 0, "events_14": 0, "volume_15": 0, "events_15": 0, "Waterbody": "Newark Bay", "Waterbod_1": "Upper New York Bay" }, "geometry": { "type": "Point", "coordinates": [ -74.165782164556958, 40.64122696128522 ] } },
{ "type": "Feature", "properties": { "spdes": "PR-026", "LATITUDE": "40,38,26", "LONGITUDE": "74,09,25", "volume_06": 1, "events_06": 0, "volume_13": 1, "events_13": 6, "volume_14": 2, "events_14": 6, "volume_15": 0, "events_15": 3, "Waterbody": "Newark Bay", "Waterbod_1": "Upper New York Bay" }, "geometry": { "type": "Point", "coordinates": [ -74.159621768679912, 40.638321424239535 ] } },
{ "type": "Feature", "properties": { "spdes": "PR-027", "LATITUDE": "40,38,24", "LONGITUDE": "74,09,17", "volume_06": 1, "events_06": 0, "volume_13": 1, "events_13": 8, "volume_14": 2, "events_14": 7, "volume_15": 0, "events_15": 3, "Waterbody": "Newark Bay", "Waterbod_1": "Upper New York Bay" }, "geometry": { "type": "Point", "coordinates": [ -74.157916434147879, 40.637960711598602 ] } },
{ "type": "Feature", "properties": { "spdes": "PR-028", "LATITUDE": "40,38,25", "LONGITUDE": "74,08,43", "volume_06": 10, "events_06": 0, "volume_13": 17, "events_13": 34, "volume_14": 19, "events_14": 40, "volume_15": 8, "events_15": 16, "Waterbody": "Newark Bay", "Waterbod_1": "Upper New York Bay" }, "geometry": { "type": "Point", "coordinates": [ -74.14887242697165, 40.638645834437348 ] } },
{ "type": "Feature", "properties": { "spdes": "PR-029", "LATITUDE": "40,38,25", "LONGITUDE": "74,08,22", "volume_06": 217, "events_06": 0, "volume_13": 211, "events_13": 94, "volume_14": 249, "events_14": 108, "volume_15": 113, "events_15": 40, "Waterbody": "Upper New York Bay", "Waterbod_1": "Upper New York Bay" }, "geometry": { "type": "Point", "coordinates": [ -74.139335126533538, 40.640790585885753 ] } },
{ "type": "Feature", "properties": { "spdes": "PR-030", "LATITUDE": "40,37,07", "LONGITUDE": "74,03,58", "volume_06": 0, "events_06": 0, "volume_13": 3, "events_13": 39, "volume_14": 3, "events_14": 41, "volume_15": 2, "events_15": 24, "Waterbody": "Upper New York Bay", "Waterbod_1": "Upper New York Bay" }, "geometry": { "type": "Point", "coordinates": [ -74.066208973348878, 40.618019455274279 ] } },
{ "type": "Feature", "properties": { "spdes": "PR-031", "LATITUDE": "40,37,37", "LONGITUDE": "74,04,22", "volume_06": 139, "events_06": 0, "volume_13": 223, "events_13": 40, "volume_14": 259, "events_14": 54, "volume_15": 120, "events_15": 27, "Waterbody": "Upper New York Bay", "Waterbod_1": "Upper New York Bay" }, "geometry": { "type": "Point", "coordinates": [ -74.072554023311454, 40.626838736763581 ] } },
{ "type": "Feature", "properties": { "spdes": "PR-032", "LATITUDE": "40,37,08", "LONGITUDE": "74,04,23", "volume_06": 0, "events_06": 0, "volume_13": 1, "events_13": 15, "volume_14": 2, "events_14": 14, "volume_15": 1, "events_15": 7, "Waterbody": "Upper New York Bay", "Waterbod_1": "Upper New York Bay" }, "geometry": { "type": "Point", "coordinates": [ -74.07342262688951, 40.637297741036399 ] } },
{ "type": "Feature", "properties": { "spdes": "PR-033", "LATITUDE": "40,38,38", "LONGITUDE": "74,06,48", "volume_06": 0, "events_06": 0, "volume_13": 0, "events_13": 0, "volume_14": 0, "events_14": 0, "volume_15": 0, "events_15": 0, "Waterbody": "Upper New York Bay", "Waterbod_1": "Upper New York Bay" }, "geometry": { "type": "Point", "coordinates": [ -74.112971669737846, 40.643887539556857 ] } },
{ "type": "Feature", "properties": { "spdes": "PR-034", "LATITUDE": "40,38,37", "LONGITUDE": "74,06,52", "volume_06": 0, "events_06": 0, "volume_13": 0, "events_13": 0, "volume_14": 0, "events_14": 0, "volume_15": 0, "events_15": 0, "Waterbody": "Upper New York Bay", "Waterbod_1": "Upper New York Bay" }, "geometry": { "type": "Point", "coordinates": [ -74.114124970009669, 40.643361750912916 ] } },
{ "type": "Feature", "properties": { "spdes": "PR-035", "LATITUDE": "40,38,24", "LONGITUDE": "74,07,35", "volume_06": 0, "events_06": 0, "volume_13": 0, "events_13": 0, "volume_14": 0, "events_14": 0, "volume_15": 0, "events_15": 0, "Waterbody": "Upper New York Bay", "Waterbod_1": "Upper New York Bay" }, "geometry": { "type": "Point", "coordinates": [ -74.126103832870825, 40.640245935390197 ] } },
{ "type": "Feature", "properties": { "spdes": "PR-036", "LATITUDE": "40,38,23", "LONGITUDE": "74,07,43", "volume_06": 0, "events_06": 0, "volume_13": 0, "events_13": 0, "volume_14": 0, "events_14": 0, "volume_15": 0, "events_15": 0, "Waterbody": "Upper New York Bay", "Waterbod_1": "Upper New York Bay" }, "geometry": { "type": "Point", "coordinates": [ -74.127745208625313, 40.637484231313756 ] } },
{ "type": "Feature", "properties": { "spdes": "PR-037", "LATITUDE": "40,38,28", "LONGITUDE": "74,07,53", "volume_06": 4, "events_06": 0, "volume_13": 3, "events_13": 16, "volume_14": 4, "events_14": 15, "volume_15": 1, "events_15": 6, "Waterbody": "Upper New York Bay", "Waterbod_1": "Upper New York Bay" }, "geometry": { "type": "Point", "coordinates": [ -74.131100755557014, 40.64105034334343 ] } },
{ "type": "Feature", "properties": { "spdes": "RH-002", "LATITUDE": "40,42,12", "LONGITUDE": "73,58,42", "volume_06": 0, "events_06": 0, "volume_13": 0, "events_13": 0, "volume_14": 0, "events_14": 0, "volume_15": 0, "events_15": 0, "Waterbody": "Lower East River", "Waterbod_1": "East River" }, "geometry": { "type": "Point", "coordinates": [ -73.980624467359732, 40.705847972699445 ] } },
{ "type": "Feature", "properties": { "spdes": "RH-003", "LATITUDE": "40,42,24", "LONGITUDE": "73,58,42", "volume_06": 0, "events_06": 0, "volume_13": 0, "events_13": 5, "volume_14": 0, "events_14": 6, "volume_15": 0, "events_15": 7, "Waterbody": "Lower East River", "Waterbod_1": "East River" }, "geometry": { "type": "Point", "coordinates": [ -73.980474950808031, 40.705849032437094 ] } },
{ "type": "Feature", "properties": { "spdes": "RH-004", "LATITUDE": "40,42,23", "LONGITUDE": "73,58,48", "volume_06": 0, "events_06": 0, "volume_13": 0, "events_13": 0, "volume_14": 0, "events_14": 0, "volume_15": 0, "events_15": 0, "Waterbody": "Lower East River", "Waterbod_1": "East River" }, "geometry": { "type": "Point", "coordinates": [ -73.982201900793953, 40.705825193066367 ] } },
{ "type": "Feature", "properties": { "spdes": "RH-005", "LATITUDE": "40,42,23", "LONGITUDE": "73,58,49", "volume_06": 153, "events_06": 0, "volume_13": 143, "events_13": 22, "volume_14": 181, "events_14": 24, "volume_15": 98, "events_15": 17, "Waterbody": "Lower East River", "Waterbod_1": "East River" }, "geometry": { "type": "Point", "coordinates": [ -73.982039756045069, 40.70583469044999 ] } },
{ "type": "Feature", "properties": { "spdes": "RH-006", "LATITUDE": "40,42,22", "LONGITUDE": "73,59,05", "volume_06": 8, "events_06": 0, "volume_13": 9, "events_13": 34, "volume_14": 10, "events_14": 28, "volume_15": 6, "events_15": 28, "Waterbody": "Lower East River", "Waterbod_1": "East River" }, "geometry": { "type": "Point", "coordinates": [ -73.986385388316791, 40.705412226613667 ] } },
{ "type": "Feature", "properties": { "spdes": "RH-007", "LATITUDE": "40,42,22", "LONGITUDE": "73,59,10", "volume_06": 1, "events_06": 0, "volume_13": 1, "events_13": 20, "volume_14": 1, "events_14": 17, "volume_15": 1, "events_15": 14, "Waterbody": "Lower East River", "Waterbod_1": "East River" }, "geometry": { "type": "Point", "coordinates": [ -73.988242968882275, 40.705085804831988 ] } },
{ "type": "Feature", "properties": { "spdes": "RH-008", "LATITUDE": "40,42,23", "LONGITUDE": "73,59,07", "volume_06": 2, "events_06": 0, "volume_13": 3, "events_13": 18, "volume_14": 3, "events_14": 17, "volume_15": 2, "events_15": 14, "Waterbody": "Lower East River", "Waterbod_1": "East River" }, "geometry": { "type": "Point", "coordinates": [ -73.989449617686788, 40.704777312117834 ] } },
{ "type": "Feature", "properties": { "spdes": "RH-009", "LATITUDE": "40,42,22", "LONGITUDE": "73,59,23", "volume_06": 2, "events_06": 0, "volume_13": 2, "events_13": 20, "volume_14": 2, "events_14": 17, "volume_15": 2, "events_15": 14, "Waterbody": "Lower East River", "Waterbod_1": "East River" }, "geometry": { "type": "Point", "coordinates": [ -73.990392888171627, 40.704684169056726 ] } },
{ "type": "Feature", "properties": { "spdes": "RH-010", "LATITUDE": "40,42,02", "LONGITUDE": "73,59,18", "volume_06": 0, "events_06": 0, "volume_13": 0, "events_13": 5, "volume_14": 0, "events_14": 4, "volume_15": 0, "events_15": 7, "Waterbody": "Lower East River", "Waterbod_1": "East River" }, "geometry": { "type": "Point", "coordinates": [ -73.997266436612165, 40.700078007438677 ] } },
{ "type": "Feature", "properties": { "spdes": "RH-011", "LATITUDE": "40,41,50", "LONGITUDE": "73,59,56", "volume_06": 3, "events_06": 0, "volume_13": 3, "events_13": 17, "volume_14": 3, "events_14": 15, "volume_15": 3, "events_15": 14, "Waterbody": "Lower East River", "Waterbod_1": "East River" }, "geometry": { "type": "Point", "coordinates": [ -73.999474850059357, 40.696393606487611 ] } },
{ "type": "Feature", "properties": { "spdes": "RH-012", "LATITUDE": "40,42,13", "LONGITUDE": "73,59,37", "volume_06": 8, "events_06": 0, "volume_13": 8, "events_13": 18, "volume_14": 9, "events_14": 17, "volume_15": 6, "events_15": 14, "Waterbody": "Lower East River", "Waterbod_1": "East River" }, "geometry": { "type": "Point", "coordinates": [ -73.995101086061595, 40.703042456353202 ] } },
{ "type": "Feature", "properties": { "spdes": "RH-013", "LATITUDE": "40,41,34", "LONGITUDE": "74,00,01", "volume_06": 0, "events_06": 0, "volume_13": 0, "events_13": 12, "volume_14": 0, "events_14": 10, "volume_15": 0, "events_15": 12, "Waterbody": "Upper New York Bay", "Waterbod_1": "Upper New York Bay" }, "geometry": { "type": "Point", "coordinates": [ -74.000971528899129, 40.694034422039344 ] } },
{ "type": "Feature", "properties": { "spdes": "RH-014", "LATITUDE": "40,41,34", "LONGITUDE": "74,00,01", "volume_06": 20, "events_06": 0, "volume_13": 38, "events_13": 52, "volume_14": 40, "events_14": 51, "volume_15": 26, "events_15": 48, "Waterbody": "Upper New York Bay", "Waterbod_1": "Upper New York Bay" }, "geometry": { "type": "Point", "coordinates": [ -74.001819129093434, 40.692259888782935 ] } },
{ "type": "Feature", "properties": { "spdes": "RH-016", "LATITUDE": "40,41,28", "LONGITUDE": "74,00,06", "volume_06": 18, "events_06": 0, "volume_13": 17, "events_13": 19, "volume_14": 21, "events_14": 23, "volume_15": 26, "events_15": 15, "Waterbody": "Upper New York Bay", "Waterbod_1": "Upper New York Bay" }, "geometry": { "type": "Point", "coordinates": [ -74.000762460679766, 40.690529767335342 ] } },
{ "type": "Feature", "properties": { "spdes": "RH-018", "LATITUDE": "40,41,19", "LONGITUDE": "74,00,17", "volume_06": 4, "events_06": 0, "volume_13": 5, "events_13": 20, "volume_14": 6, "events_14": 19, "volume_15": 7, "events_15": 15, "Waterbody": "Buttermilk Channel", "Waterbod_1": "Upper New York Bay" }, "geometry": { "type": "Point", "coordinates": [ -74.004285095715829, 40.688608492466628 ] } },
{ "type": "Feature", "properties": { "spdes": "RH-019", "LATITUDE": "40,41,14", "LONGITUDE": "74,00,19", "volume_06": 13, "events_06": 0, "volume_13": 9, "events_13": 29, "volume_14": 12, "events_14": 25, "volume_15": 11, "events_15": 22, "Waterbody": "Buttermilk Channel", "Waterbod_1": "Upper New York Bay" }, "geometry": { "type": "Point", "coordinates": [ -74.007779772020058, 40.686282834694893 ] } },
{ "type": "Feature", "properties": { "spdes": "RH-020", "LATITUDE": "40,41,14", "LONGITUDE": "74,00,13", "volume_06": 0, "events_06": 0, "volume_13": 0, "events_13": 12, "volume_14": 0, "events_14": 10, "volume_15": 1, "events_15": 14, "Waterbody": "Buttermilk Channel", "Waterbod_1": "Upper New York Bay" }, "geometry": { "type": "Point", "coordinates": [ -74.005696867015686, 40.686585008324201 ] } },
{ "type": "Feature", "properties": { "spdes": "RH-021", "LATITUDE": "40,41,14", "LONGITUDE": "74,00,20", "volume_06": 0, "events_06": 0, "volume_13": 0, "events_13": 0, "volume_14": 0, "events_14": 0, "volume_15": 0, "events_15": 0, "Waterbody": "Buttermilk Channel", "Waterbod_1": "Upper New York Bay" }, "geometry": { "type": "Point", "coordinates": [ -74.007418869378355, 40.686395574761988 ] } },
{ "type": "Feature", "properties": { "spdes": "RH-022", "LATITUDE": "40,41,03", "LONGITUDE": "74,00,28", "volume_06": 2, "events_06": 0, "volume_13": 2, "events_13": 23, "volume_14": 3, "events_14": 23, "volume_15": 4, "events_15": 17, "Waterbody": "Buttermilk Channel", "Waterbod_1": "Upper New York Bay" }, "geometry": { "type": "Point", "coordinates": [ -74.009697710125465, 40.683278342130151 ] } },
{ "type": "Feature", "properties": { "spdes": "RH-023", "LATITUDE": "40,41,31", "LONGITUDE": "74,00,52", "volume_06": 2, "events_06": 0, "volume_13": 2, "events_13": 22, "volume_14": 3, "events_14": 24, "volume_15": 3, "events_15": 15, "Waterbody": "Buttermilk Channel", "Waterbod_1": "Upper New York Bay" }, "geometry": { "type": "Point", "coordinates": [ -74.0106928522125, 40.682409037034212 ] } },
{ "type": "Feature", "properties": { "spdes": "RH-024", "LATITUDE": "40,40,59", "LONGITUDE": "74,00,35", "volume_06": 2, "events_06": 0, "volume_13": 2, "events_13": 21, "volume_14": 3, "events_14": 24, "volume_15": 3, "events_15": 15, "Waterbody": "Buttermilk Channel", "Waterbod_1": "Upper New York Bay" }, "geometry": { "type": "Point", "coordinates": [ -74.011958321471852, 40.681328092596459 ] } },
{ "type": "Feature", "properties": { "spdes": "RH-025", "LATITUDE": "40,40,58", "LONGITUDE": "74,00,38", "volume_06": 5, "events_06": 0, "volume_13": 6, "events_13": 30, "volume_14": 7, "events_14": 24, "volume_15": 6, "events_15": 18, "Waterbody": "Buttermilk Channel", "Waterbod_1": "Upper New York Bay" }, "geometry": { "type": "Point", "coordinates": [ -74.013006038370591, 40.680422499881871 ] } },
{ "type": "Feature", "properties": { "spdes": "RH-028", "LATITUDE": "40,40,58", "LONGITUDE": "74,00,55", "volume_06": 97, "events_06": 0, "volume_13": 12, "events_13": 19, "volume_14": 12, "events_14": 16, "volume_15": 9, "events_15": 12, "Waterbody": "Buttermilk Channel", "Waterbod_1": "Upper New York Bay" }, "geometry": { "type": "Point", "coordinates": [ -74.017670927634981, 40.680594306998366 ] } },
{ "type": "Feature", "properties": { "spdes": "RH-029", "LATITUDE": "40,40,32", "LONGITUDE": "74,00,55", "volume_06": 2, "events_06": 0, "volume_13": 3, "events_13": 23, "volume_14": 3, "events_14": 22, "volume_15": 2, "events_15": 21, "Waterbody": "Red Hook Channel", "Waterbod_1": "Upper New York Bay" }, "geometry": { "type": "Point", "coordinates": [ -74.017299803926193, 40.673630813254334 ] } },
{ "type": "Feature", "properties": { "spdes": "RH-030", "LATITUDE": "40,40,07", "LONGITUDE": "74,00,20", "volume_06": 18, "events_06": 0, "volume_13": 33, "events_13": 28, "volume_14": 56, "events_14": 74, "volume_15": 15, "events_15": 14, "Waterbody": "Gowanus Bay", "Waterbod_1": "Upper New York Bay" }, "geometry": { "type": "Point", "coordinates": [ -74.008234378614361, 40.668585775999361 ] } },
{ "type": "Feature", "properties": { "spdes": "RH-031", "LATITUDE": "40,40,10", "LONGITUDE": "73,59,31", "volume_06": 35, "events_06": 0, "volume_13": 50, "events_13": 33, "volume_14": 168, "events_14": 81, "volume_15": 15, "events_15": 14, "Waterbody": "Gowanus Canal", "Waterbod_1": "Upper New York Bay" }, "geometry": { "type": "Point", "coordinates": [ -73.999008601341814, 40.67148482376188 ] } },
{ "type": "Feature", "properties": { "spdes": "RH-032", "LATITUDE": "40,40,25", "LONGITUDE": "73,59,41", "volume_06": 2, "events_06": 0, "volume_13": 0, "events_13": 16, "volume_14": 1, "events_14": 12, "volume_15": 0, "events_15": 0, "Waterbody": "Gowanus Canal", "Waterbod_1": "Upper New York Bay" }, "geometry": { "type": "Point", "coordinates": [ -73.996694581002544, 40.674167580760269 ] } },
{ "type": "Feature", "properties": { "spdes": "RH-033", "LATITUDE": "40,40,45", "LONGITUDE": "73,59,19", "volume_06": 0, "events_06": 0, "volume_13": 0, "events_13": 16, "volume_14": 1, "events_14": 12, "volume_15": 0, "events_15": 14, "Waterbody": "Gowanus Canal", "Waterbod_1": "Upper New York Bay" }, "geometry": { "type": "Point", "coordinates": [ -73.986942519643819, 40.681274600147347 ] } },
{ "type": "Feature", "properties": { "spdes": "RH-034", "LATITUDE": "40,40,49", "LONGITUDE": "73,59,17", "volume_06": 121, "events_06": 0, "volume_13": 212, "events_13": 42, "volume_14": 232, "events_14": 47, "volume_15": 116, "events_15": 41, "Waterbody": "Gowanus Canal", "Waterbod_1": "Upper New York Bay" }, "geometry": { "type": "Point", "coordinates": [ -73.986852116559675, 40.681707711203124 ] } },
{ "type": "Feature", "properties": { "spdes": "RH-035", "LATITUDE": "40,40,38", "LONGITUDE": "73,59,2", "volume_06": 111, "events_06": 0, "volume_13": 148, "events_13": 74, "volume_14": 140, "events_14": 76, "volume_15": 5, "events_15": 14, "Waterbody": "Gowanus Canal", "Waterbod_1": "Upper New York Bay" }, "geometry": { "type": "Point", "coordinates": [ -73.992573519082185, 40.676110658565406 ] } },
{ "type": "Feature", "properties": { "spdes": "RH-036", "LATITUDE": "40,40,39", "LONGITUDE": "73,59,23", "volume_06": 2, "events_06": 0, "volume_13": 2, "events_13": 18, "volume_14": 2, "events_14": 21, "volume_15": 1, "events_15": 17, "Waterbody": "Gowanus Canal", "Waterbod_1": "Upper New York Bay" }, "geometry": { "type": "Point", "coordinates": [ -73.988681220251152, 40.678692431762322 ] } },
{ "type": "Feature", "properties": { "spdes": "RH-037", "LATITUDE": "40,40,41", "LONGITUDE": "73,59,21", "volume_06": 1, "events_06": 0, "volume_13": 1, "events_13": 17, "volume_14": 1, "events_14": 13, "volume_15": 0, "events_15": 15, "Waterbody": "Gowanus Canal", "Waterbod_1": "Upper New York Bay" }, "geometry": { "type": "Point", "coordinates": [ -73.987755269796907, 40.680065996640714 ] } },
{ "type": "Feature", "properties": { "spdes": "RH-038", "LATITUDE": "40,40,42", "LONGITUDE": "73,59,20", "volume_06": 1, "events_06": 0, "volume_13": 1, "events_13": 13, "volume_14": 1, "events_14": 14, "volume_15": 1, "events_15": 14, "Waterbody": "Gowanus Canal", "Waterbod_1": "Upper New York Bay" }, "geometry": { "type": "Point", "coordinates": [ -73.987293921535539, 40.680672904152011 ] } },
{ "type": "Feature", "properties": { "spdes": "RH-039", "LATITUDE": "40,40,46", "LONGITUDE": "73,59,20", "volume_06": 1, "events_06": 0, "volume_13": 0, "events_13": 0, "volume_14": 0, "events_14": 0, "volume_15": 0, "events_15": 0, "Waterbody": "Gowanus Canal", "Waterbod_1": "Upper New York Bay" }, "geometry": { "type": "Point", "coordinates": [ -73.987244732391019, 40.681431894580058 ] } },
{ "type": "Feature", "properties": { "spdes": "RO-003", "LATITUDE": "40,35,05", "LONGITUDE": "73,49,44", "volume_06": 0, "events_06": 0, "volume_13": 0, "events_13": 0, "volume_14": 0, "events_14": 0, "volume_15": 0, "events_15": 0, "Waterbody": "Jamaica Bay", "Waterbod_1": "Jamaica Bay" }, "geometry": { "type": "Point", "coordinates": [ -73.828558170104728, 40.584844056597021 ] } },
{ "type": "Feature", "properties": { "spdes": "RO-004", "LATITUDE": "40,35,12", "LONGITUDE": "73,49,23", "volume_06": 0, "events_06": 0, "volume_13": 0, "events_13": 0, "volume_14": 0, "events_14": 0, "volume_15": 0, "events_15": 0, "Waterbody": "Jamaica Bay", "Waterbod_1": "Jamaica Bay" }, "geometry": { "type": "Point", "coordinates": [ -73.825027906171101, 40.587009151069559 ] } },
{ "type": "Feature", "properties": { "spdes": "RO-005", "LATITUDE": "40,35,16", "LONGITUDE": "73,49,21", "volume_06": 0, "events_06": 0, "volume_13": 0, "events_13": 0, "volume_14": 0, "events_14": 0, "volume_15": 0, "events_15": 0, "Waterbody": "Jamaica Bay", "Waterbod_1": "Jamaica Bay" }, "geometry": { "type": "Point", "coordinates": [ -73.824495613157097, 40.587155990521872 ] } },
{ "type": "Feature", "properties": { "spdes": "RO-006", "LATITUDE": "40,35,16", "LONGITUDE": "73,49,19", "volume_06": 0, "events_06": 0, "volume_13": 0, "events_13": 0, "volume_14": 0, "events_14": 0, "volume_15": 0, "events_15": 0, "Waterbody": "Jamaica Bay", "Waterbod_1": "Jamaica Bay" }, "geometry": { "type": "Point", "coordinates": [ -73.823816480690951, 40.587357894768445 ] } },
{ "type": "Feature", "properties": { "spdes": "RO-007", "LATITUDE": "40,35,17", "LONGITUDE": "73,49,14", "volume_06": 0, "events_06": 0, "volume_13": 0, "events_13": 0, "volume_14": 0, "events_14": 0, "volume_15": 0, "events_15": 0, "Waterbody": "Jamaica Bay", "Waterbod_1": "Jamaica Bay" }, "geometry": { "type": "Point", "coordinates": [ -73.823247477813922, 40.587504734220708 ] } },
{ "type": "Feature", "properties": { "spdes": "RO-008", "LATITUDE": "40,35,18", "LONGITUDE": "73,49,11", "volume_06": 0, "events_06": 0, "volume_13": 0, "events_13": 0, "volume_14": 0, "events_14": 0, "volume_15": 0, "events_15": 0, "Waterbody": "Jamaica Bay", "Waterbod_1": "Jamaica Bay" }, "geometry": { "type": "Point", "coordinates": [ -73.822219601648953, 40.587247765179455 ] } },
{ "type": "Feature", "properties": { "spdes": "RO-009", "LATITUDE": "40,35,16", "LONGITUDE": "73,49,04", "volume_06": 0, "events_06": 0, "volume_13": 0, "events_13": 0, "volume_14": 0, "events_14": 0, "volume_15": 0, "events_15": 0, "Waterbody": "Jamaica Bay", "Waterbod_1": "Jamaica Bay" }, "geometry": { "type": "Point", "coordinates": [ -73.821183388783965, 40.586919457019604 ] } },
{ "type": "Feature", "properties": { "spdes": "RO-010", "LATITUDE": "40,35,16", "LONGITUDE": "73,49,01", "volume_06": 0, "events_06": 0, "volume_13": 0, "events_13": 0, "volume_14": 0, "events_14": 0, "volume_15": 0, "events_15": 0, "Waterbody": "Jamaica Bay", "Waterbod_1": "Jamaica Bay" }, "geometry": { "type": "Point", "coordinates": [ -73.820327454607522, 40.587363543960464 ] } },
{ "type": "Feature", "properties": { "spdes": "RO-011", "LATITUDE": "40,35,17", "LONGITUDE": "73,48,59", "volume_06": 0, "events_06": 0, "volume_13": 0, "events_13": 0, "volume_14": 0, "events_14": 0, "volume_15": 0, "events_15": 0, "Waterbody": "Jamaica Bay", "Waterbod_1": "Jamaica Bay" }, "geometry": { "type": "Point", "coordinates": [ -73.819558336739178, 40.587765723376975 ] } },
{ "type": "Feature", "properties": { "spdes": "RO-012", "LATITUDE": "40,35,06", "LONGITUDE": "73,48,51", "volume_06": 0, "events_06": 0, "volume_13": 0, "events_13": 0, "volume_14": 0, "events_14": 0, "volume_15": 0, "events_15": 0, "Waterbody": "Jamaica Bay", "Waterbod_1": "Jamaica Bay" }, "geometry": { "type": "Point", "coordinates": [ -73.819004516983313, 40.588149696333694 ] } },
{ "type": "Feature", "properties": { "spdes": "RO-014", "LATITUDE": "40,35,28", "LONGITUDE": "73,48,44", "volume_06": 0, "events_06": 0, "volume_13": 0, "events_13": 0, "volume_14": 0, "events_14": 0, "volume_15": 0, "events_15": 0, "Waterbody": "Jamaica Bay", "Waterbod_1": "Jamaica Bay" }, "geometry": { "type": "Point", "coordinates": [ -73.816603482322947, 40.589427114626687 ] } },
{ "type": "Feature", "properties": { "spdes": "RO-015", "LATITUDE": "40,35,32", "LONGITUDE": "73,48,38", "volume_06": 0, "events_06": 0, "volume_13": 0, "events_13": 0, "volume_14": 0, "events_14": 0, "volume_15": 0, "events_15": 0, "Waterbody": "Jamaica Bay", "Waterbod_1": "Jamaica Bay" }, "geometry": { "type": "Point", "coordinates": [ -73.814297495098245, 40.590638837263988 ] } },
{ "type": "Feature", "properties": { "spdes": "RO-016", "LATITUDE": "40,36,25", "LONGITUDE": "73,46,11", "volume_06": 0, "events_06": 0, "volume_13": 0, "events_13": 0, "volume_14": 0, "events_14": 0, "volume_15": 0, "events_15": 0, "Waterbody": "Jamaica Bay", "Waterbod_1": "Jamaica Bay" }, "geometry": { "type": "Point", "coordinates": [ -73.770014568845681, 40.607137556045238 ] } },
{ "type": "Feature", "properties": { "spdes": "RO-017", "LATITUDE": "40,35,48", "LONGITUDE": "73,44,29", "volume_06": 0, "events_06": 0, "volume_13": 0, "events_13": 0, "volume_14": 0, "events_14": 0, "volume_15": 0, "events_15": 0, "Waterbody": "Jamaica Bay", "Waterbod_1": "Jamaica Bay" }, "geometry": { "type": "Point", "coordinates": [ -73.741390143639649, 40.596660527431283 ] } },
{ "type": "Feature", "properties": { "spdes": "RO-029", "LATITUDE": "40,35,08", "LONGITUDE": "73,49,30", "volume_06": 0, "events_06": 0, "volume_13": 0, "events_13": 0, "volume_14": 0, "events_14": 0, "volume_15": 0, "events_15": 0, "Waterbody": "Jamaica Bay", "Waterbod_1": "Jamaica Bay" }, "geometry": { "type": "Point", "coordinates": [ -73.82869103456342, 40.584808579474803 ] } },
{ "type": "Feature", "properties": { "spdes": "RO-030", "LATITUDE": "40,35,11", "LONGITUDE": "73,49,26", "volume_06": 0, "events_06": 0, "volume_13": 0, "events_13": 0, "volume_14": 0, "events_14": 0, "volume_15": 0, "events_15": 0, "Waterbody": "Jamaica Bay", "Waterbod_1": "Jamaica Bay" }, "geometry": { "type": "Point", "coordinates": [ -73.826771624665241, 40.586513567918708 ] } },
{ "type": "Feature", "properties": { "spdes": "RO-031", "LATITUDE": "40,36,18", "LONGITUDE": "73,25,18", "volume_06": 0, "events_06": 0, "volume_13": 0, "events_13": 0, "volume_14": 0, "events_14": 0, "volume_15": 0, "events_15": 0, "Waterbody": "Jamaica Bay", "Waterbod_1": "Jamaica Bay" }, "geometry": { "type": "Point", "coordinates": [ -73.751906885700137, 40.611753841235405 ] } },
{ "type": "Feature", "properties": { "spdes": "TI-002", "LATITUDE": null, "LONGITUDE": null, "volume_06": 0, "events_06": 0, "volume_13": 0, "events_13": 0, "volume_14": 0, "events_14": 0, "volume_15": 0, "events_15": 0, "Waterbody": "East River", "Waterbod_1": "East River" }, "geometry": { "type": "Point", "coordinates": [ -73.836692125204664, 40.7925391845923 ] } },
{ "type": "Feature", "properties": { "spdes": "TI-003", "LATITUDE": "40,47,37", "LONGITUDE": "73,49,42", "volume_06": 127, "events_06": 0, "volume_13": 158, "events_13": 63, "volume_14": 89, "events_14": 57, "volume_15": 60, "events_15": 43, "Waterbody": "East River", "Waterbod_1": "East River" }, "geometry": { "type": "Point", "coordinates": [ -73.827803800407409, 40.793277803966362 ] } },
{ "type": "Feature", "properties": { "spdes": "TI-004", "LATITUDE": "40,47,52", "LONGITUDE": "73,48,45", "volume_06": 10, "events_06": 0, "volume_13": 2, "events_13": 15, "volume_14": 6, "events_14": 17, "volume_15": 2, "events_15": 13, "Waterbody": "East River", "Waterbod_1": "East River" }, "geometry": { "type": "Point", "coordinates": [ -73.811834388058429, 40.798044388405273 ] } },
{ "type": "Feature", "properties": { "spdes": "TI-005", "LATITUDE": "40,47,46", "LONGITUDE": "73,48,26", "volume_06": 0, "events_06": 0, "volume_13": 0, "events_13": 0, "volume_14": 0, "events_14": 3, "volume_15": 0, "events_15": 1, "Waterbody": "East River", "Waterbod_1": "East River" }, "geometry": { "type": "Point", "coordinates": [ -73.806285912028457, 40.796402371687634 ] } },
{ "type": "Feature", "properties": { "spdes": "TI-006", "LATITUDE": "40,46,55", "LONGITUDE": "73,46,14", "volume_06": 0, "events_06": 0, "volume_13": 0, "events_13": 0, "volume_14": 0, "events_14": 0, "volume_15": 0, "events_15": 0, "Waterbody": "Little Neck Bay", "Waterbod_1": "East River" }, "geometry": { "type": "Point", "coordinates": [ -73.770619124654388, 40.782062182632274 ] } },
{ "type": "Feature", "properties": { "spdes": "TI-007", "LATITUDE": "40,45,45", "LONGITUDE": "73,45,07", "volume_06": 0, "events_06": 0, "volume_13": 0, "events_13": 0, "volume_14": 55, "events_14": 58, "volume_15": 42, "events_15": 49, "Waterbody": "Alley Creek", "Waterbod_1": "East River" }, "geometry": { "type": "Point", "coordinates": [ -73.751654420729025, 40.762694047388031 ] } },
{ "type": "Feature", "properties": { "spdes": "TI-008", "LATITUDE": "40,45,38", "LONGITUDE": "73,45,15", "volume_06": 59, "events_06": 38, "volume_13": 0, "events_13": 0, "volume_14": 0, "events_14": 0, "volume_15": 0, "events_15": 0, "Waterbody": "Alley Creek", "Waterbod_1": "East River" }, "geometry": { "type": "Point", "coordinates": [ -73.751222525184403, 40.762054803388395 ] } },
{ "type": "Feature", "properties": { "spdes": "TI-009", "LATITUDE": "40,46,03", "LONGITUDE": "73,45,05", "volume_06": 0, "events_06": 0, "volume_13": 0, "events_13": 0, "volume_14": 0, "events_14": 0, "volume_15": 0, "events_15": 0, "Waterbody": "Alley Creek", "Waterbod_1": "East River" }, "geometry": { "type": "Point", "coordinates": [ -73.754421414807325, 40.766558072045292 ] } },
{ "type": "Feature", "properties": { "spdes": "TI-010", "LATITUDE": "40,45,14", "LONGITUDE": "73,50,16", "volume_06": 1580, "events_06": 73, "volume_13": 94, "events_13": 15, "volume_14": 479, "events_14": 19, "volume_15": 398, "events_15": 28, "Waterbody": "Flushing Creek", "Waterbod_1": "East River" }, "geometry": { "type": "Point", "coordinates": [ -73.838667527004702, 40.755538350523935 ] } },
{ "type": "Feature", "properties": { "spdes": "TI-011", "LATITUDE": "40,45,56", "LONGITUDE": "73,50,22", "volume_06": 332, "events_06": 54, "volume_13": 292, "events_13": 56, "volume_14": 398, "events_14": 66, "volume_15": 281, "events_15": 53, "Waterbody": "Flushing Creek", "Waterbod_1": "East River" }, "geometry": { "type": "Point", "coordinates": [ -73.838720669855931, 40.765792989294923 ] } },
{ "type": "Feature", "properties": { "spdes": "TI-012", "LATITUDE": "40,46,18", "LONGITUDE": "73,51,01", "volume_06": 0, "events_06": 0, "volume_13": 0, "events_13": 0, "volume_14": 0, "events_14": 0, "volume_15": 0, "events_15": 0, "Waterbody": "Flushing Bay", "Waterbod_1": "East River" }, "geometry": { "type": "Point", "coordinates": [ -73.849952392015041, 40.771983750654591 ] } },
{ "type": "Feature", "properties": { "spdes": "TI-013", "LATITUDE": "40,46,35", "LONGITUDE": "73,50,58", "volume_06": 0, "events_06": 0, "volume_13": 0, "events_13": 0, "volume_14": 0, "events_14": 0, "volume_15": 0, "events_15": 0, "Waterbody": "Flushing Bay", "Waterbod_1": "East River" }, "geometry": { "type": "Point", "coordinates": [ -73.849036727798946, 40.777013678121975 ] } },
{ "type": "Feature", "properties": { "spdes": "TI-014", "LATITUDE": "40,46,43", "LONGITUDE": "73,51,01", "volume_06": 2, "events_06": 32, "volume_13": 11, "events_13": 32, "volume_14": 16, "events_14": 39, "volume_15": 11, "events_15": 34, "Waterbody": "Flushing Bay", "Waterbod_1": "East River" }, "geometry": { "type": "Point", "coordinates": [ -73.849450224421815, 40.778578525097466 ] } },
{ "type": "Feature", "properties": { "spdes": "TI-015", "LATITUDE": "40,46,48", "LONGITUDE": "73,51,02", "volume_06": 1, "events_06": 29, "volume_13": 3, "events_13": 23, "volume_14": 5, "events_14": 26, "volume_15": 3, "events_15": 23, "Waterbody": "Flushing Bay", "Waterbod_1": "East River" }, "geometry": { "type": "Point", "coordinates": [ -73.849494158910261, 40.780091917407624 ] } },
{ "type": "Feature", "properties": { "spdes": "TI-016", "LATITUDE": "40,46,53", "LONGITUDE": "73,51,02", "volume_06": 28, "events_06": 45, "volume_13": 31, "events_13": 39, "volume_14": 40, "events_14": 43, "volume_15": 28, "events_15": 39, "Waterbody": "Flushing Bay", "Waterbod_1": "East River" }, "geometry": { "type": "Point", "coordinates": [ -73.849222350606183, 40.781635210108234 ] } },
{ "type": "Feature", "properties": { "spdes": "TI-017", "LATITUDE": "40,47,01", "LONGITUDE": "73,51,31", "volume_06": 0, "events_06": 10, "volume_13": 3, "events_13": 22, "volume_14": 4, "events_14": 26, "volume_15": 2, "events_15": 24, "Waterbody": "Flushing Bay", "Waterbod_1": "East River" }, "geometry": { "type": "Point", "coordinates": [ -73.857692445731146, 40.78366258781913 ] } },
{ "type": "Feature", "properties": { "spdes": "TI-018", "LATITUDE": "40,47,07", "LONGITUDE": "73,51,35", "volume_06": 2, "events_06": 34, "volume_13": 5, "events_13": 31, "volume_14": 7, "events_14": 37, "volume_15": 5, "events_15": 34, "Waterbody": "Flushing Bay", "Waterbod_1": "East River" }, "geometry": { "type": "Point", "coordinates": [ -73.858970666292194, 40.785522023298014 ] } },
{ "type": "Feature", "properties": { "spdes": "TI-019", "LATITUDE": "40,47,21", "LONGITUDE": "73,51,10", "volume_06": 0, "events_06": 0, "volume_13": 2, "events_13": 16, "volume_14": 3, "events_14": 17, "volume_15": 1, "events_15": 14, "Waterbody": "East River", "Waterbod_1": "East River" }, "geometry": { "type": "Point", "coordinates": [ -73.854669974257732, 40.789213158000869 ] } },
{ "type": "Feature", "properties": { "spdes": "TI-020", "LATITUDE": "40,47,38", "LONGITUDE": "73,50,59", "volume_06": 6, "events_06": 0, "volume_13": 6, "events_13": 30, "volume_14": 9, "events_14": 33, "volume_15": 6, "events_15": 30, "Waterbody": "East River", "Waterbod_1": "East River" }, "geometry": { "type": "Point", "coordinates": [ -73.849074446084018, 40.794137882266682 ] } },
{ "type": "Feature", "properties": { "spdes": "TI-021", "LATITUDE": null, "LONGITUDE": null, "volume_06": 0, "events_06": 0, "volume_13": 0, "events_13": 0, "volume_14": 0, "events_14": 0, "volume_15": 0, "events_15": 0, "Waterbody": "East River", "Waterbod_1": "East River" }, "geometry": { "type": "Point", "coordinates": [ -73.831780475485729, 40.7909362939386 ] } },
{ "type": "Feature", "properties": { "spdes": "TI-022", "LATITUDE": "40,45,22", "LONGITUDE": "73,50,10", "volume_06": 30, "events_06": 55, "volume_13": 70, "events_13": 57, "volume_14": 95, "events_14": 67, "volume_15": 62, "events_15": 53, "Waterbody": "Flushing Creek", "Waterbod_1": "East River" }, "geometry": { "type": "Point", "coordinates": [ -73.838164304555335, 40.757253186567468 ] } },
{ "type": "Feature", "properties": { "spdes": "TI-023", "LATITUDE": "40,47,31", "LONGITUDE": "73,47,23", "volume_06": 198, "events_06": 0, "volume_13": 115, "events_13": 39, "volume_14": 139, "events_14": 39, "volume_15": 85, "events_15": 34, "Waterbody": "East River", "Waterbod_1": "East River" }, "geometry": { "type": "Point", "coordinates": [ -73.793653285738031, 40.789048512789563 ] } },
{ "type": "Feature", "properties": { "spdes": "TI-024", "LATITUDE": "40,45,23", "LONGITUDE": "73,44,35", "volume_06": 0, "events_06": 0, "volume_13": 0, "events_13": 0, "volume_14": 0, "events_14": 0, "volume_15": 0, "events_15": 0, "Waterbody": "Alley Creek", "Waterbod_1": "East River" }, "geometry": { "type": "Point", "coordinates": [ -73.744632842409246, 40.756624005429174 ] } },
{ "type": "Feature", "properties": { "spdes": "TI-025", "LATITUDE": "40,45,52", "LONGITUDE": "73,45,10", "volume_06": 0, "events_06": 0, "volume_13": 155, "events_13": 25, "volume_14": 203, "events_14": 25, "volume_15": 110, "events_15": 20, "Waterbody": "Alley Creek", "Waterbod_1": "East River" }, "geometry": { "type": "Point", "coordinates": [ -73.752458568490638, 40.763985986909645 ] } },
{ "type": "Feature", "properties": { "spdes": "WI-002", "LATITUDE": "40,46,02", "LONGITUDE": "73,56,49", "volume_06": 11, "events_06": 0, "volume_13": 8, "events_13": 43, "volume_14": 9, "events_14": 44, "volume_15": 6, "events_15": 42, "Waterbody": "Lower East River", "Waterbod_1": "East River" }, "geometry": { "type": "Point", "coordinates": [ -73.950633886319125, 40.766438996752449 ] } },
{ "type": "Feature", "properties": { "spdes": "WI-003", "LATITUDE": "40,46,04", "LONGITUDE": "73,56,47", "volume_06": 115, "events_06": 0, "volume_13": 102, "events_13": 43, "volume_14": 126, "events_14": 58, "volume_15": 75, "events_15": 43, "Waterbody": "Lower East River", "Waterbod_1": "East River" }, "geometry": { "type": "Point", "coordinates": [ -73.950058778808582, 40.767005340641596 ] } },
{ "type": "Feature", "properties": { "spdes": "WI-004", "LATITUDE": "40,46,07", "LONGITUDE": "73,56,45", "volume_06": 12, "events_06": 0, "volume_13": 8, "events_13": 39, "volume_14": 9, "events_14": 38, "volume_15": 6, "events_15": 34, "Waterbody": "Lower East River", "Waterbod_1": "East River" }, "geometry": { "type": "Point", "coordinates": [ -73.949697588548133, 40.767660701308252 ] } },
{ "type": "Feature", "properties": { "spdes": "WI-005", "LATITUDE": "40,46,09", "LONGITUDE": "73,56,43", "volume_06": 10, "events_06": 0, "volume_13": 6, "events_13": 31, "volume_14": 7, "events_14": 32, "volume_15": 5, "events_15": 29, "Waterbody": "Lower East River", "Waterbod_1": "East River" }, "geometry": { "type": "Point", "coordinates": [ -73.949136301078909, 40.768237649799786 ] } },
{ "type": "Feature", "properties": { "spdes": "WI-006", "LATITUDE": "40,46,11", "LONGITUDE": "73,56,43", "volume_06": 12, "events_06": 0, "volume_13": 7, "events_13": 35, "volume_14": 8, "events_14": 35, "volume_15": 5, "events_15": 32, "Waterbody": "Lower East River", "Waterbod_1": "East River" }, "geometry": { "type": "Point", "coordinates": [ -73.948750012720524, 40.768815352390476 ] } },
{ "type": "Feature", "properties": { "spdes": "WI-007", "LATITUDE": "40,46,15", "LONGITUDE": "73,56,42", "volume_06": 11, "events_06": 0, "volume_13": 6, "events_13": 30, "volume_14": 8, "events_14": 33, "volume_15": 5, "events_15": 29, "Waterbody": "Lower East River", "Waterbod_1": "East River" }, "geometry": { "type": "Point", "coordinates": [ -73.948055485857395, 40.769436607649268 ] } },
{ "type": "Feature", "properties": { "spdes": "WI-008", "LATITUDE": "40,46,16", "LONGITUDE": "73,56,39", "volume_06": 224, "events_06": 0, "volume_13": 176, "events_13": 43, "volume_14": 204, "events_14": 46, "volume_15": 135, "events_15": 44, "Waterbody": "Lower East River", "Waterbod_1": "East River" }, "geometry": { "type": "Point", "coordinates": [ -73.947490137364014, 40.77011369730068 ] } },
{ "type": "Feature", "properties": { "spdes": "WI-009", "LATITUDE": "40,46,25", "LONGITUDE": "73,56,29", "volume_06": 0, "events_06": 0, "volume_13": 0, "events_13": 0, "volume_14": 0, "events_14": 0, "volume_15": 0, "events_15": 0, "Waterbody": "Lower East River", "Waterbod_1": "East River" }, "geometry": { "type": "Point", "coordinates": [ -73.944976840075995, 40.772433442375046 ] } },
{ "type": "Feature", "properties": { "spdes": "WI-010", "LATITUDE": "40,46,27", "LONGITUDE": "73,56,28", "volume_06": 0, "events_06": 0, "volume_13": 0, "events_13": 0, "volume_14": 0, "events_14": 0, "volume_15": 0, "events_15": 0, "Waterbody": "Lower East River", "Waterbod_1": "East River" }, "geometry": { "type": "Point", "coordinates": [ -73.944430972739326, 40.773059715775133 ] } },
{ "type": "Feature", "properties": { "spdes": "WI-011", "LATITUDE": "40,46,34", "LONGITUDE": "73,56,20", "volume_06": 3, "events_06": 0, "volume_13": 3, "events_13": 12, "volume_14": 4, "events_14": 17, "volume_15": 2, "events_15": 11, "Waterbody": "Lower East River", "Waterbod_1": "East River" }, "geometry": { "type": "Point", "coordinates": [ -73.943379853062027, 40.774237636719434 ] } },
{ "type": "Feature", "properties": { "spdes": "WI-012", "LATITUDE": "40,46,38", "LONGITUDE": "73,56,19", "volume_06": 41, "events_06": 0, "volume_13": 25, "events_13": 28, "volume_14": 31, "events_14": 30, "volume_15": 20, "events_15": 24, "Waterbody": "Lower East River", "Waterbod_1": "East River" }, "geometry": { "type": "Point", "coordinates": [ -73.94199545993348, 40.776484250415081 ] } },
{ "type": "Feature", "properties": { "spdes": "WI-013", "LATITUDE": "40,46,43", "LONGITUDE": "73,56,17", "volume_06": 1, "events_06": 0, "volume_13": 0, "events_13": 13, "volume_14": 0, "events_14": 19, "volume_15": 0, "events_15": 9, "Waterbody": "Lower East River", "Waterbod_1": "East River" }, "geometry": { "type": "Point", "coordinates": [ -73.942450607641405, 40.777443801669875 ] } },
{ "type": "Feature", "properties": { "spdes": "WI-014", "LATITUDE": "40,46,48", "LONGITUDE": "73,56,19", "volume_06": 1, "events_06": 0, "volume_13": 1, "events_13": 20, "volume_14": 1, "events_14": 22, "volume_15": 0, "events_15": 14, "Waterbody": "Lower East River", "Waterbod_1": "East River" }, "geometry": { "type": "Point", "coordinates": [ -73.94298015896544, 40.778575528587758 ] } },
{ "type": "Feature", "properties": { "spdes": "WI-015", "LATITUDE": "40,46,54", "LONGITUDE": "73,56,23", "volume_06": 14, "events_06": 0, "volume_13": 9, "events_13": 26, "volume_14": 12, "events_14": 27, "volume_15": 7, "events_15": 21, "Waterbody": "Lower East River", "Waterbod_1": "East River" }, "geometry": { "type": "Point", "coordinates": [ -73.94362657618322, 40.780168308927308 ] } },
{ "type": "Feature", "properties": { "spdes": "WI-016", "LATITUDE": "40,47,00", "LONGITUDE": "73,56,23", "volume_06": 30, "events_06": 0, "volume_13": 22, "events_13": 31, "volume_14": 29, "events_14": 32, "volume_15": 18, "events_15": 28, "Waterbody": "Lower East River", "Waterbod_1": "East River" }, "geometry": { "type": "Point", "coordinates": [ -73.943820037264132, 40.782009623826362 ] } },
{ "type": "Feature", "properties": { "spdes": "WI-017", "LATITUDE": "40,47,02", "LONGITUDE": "73,56,23", "volume_06": 17, "events_06": 0, "volume_13": 10, "events_13": 28, "volume_14": 13, "events_14": 27, "volume_15": 9, "events_15": 22, "Waterbody": "Lower East River", "Waterbod_1": "East River" }, "geometry": { "type": "Point", "coordinates": [ -73.943615523002038, 40.78284509192234 ] } },
{ "type": "Feature", "properties": { "spdes": "WI-018", "LATITUDE": "40,47,10", "LONGITUDE": "73,56,14", "volume_06": 1, "events_06": 0, "volume_13": 1, "events_13": 17, "volume_14": 1, "events_14": 22, "volume_15": 0, "events_15": 10, "Waterbody": "Lower East River", "Waterbod_1": "East River" }, "geometry": { "type": "Point", "coordinates": [ -73.940532868387791, 40.784866760603109 ] } },
{ "type": "Feature", "properties": { "spdes": "WI-019", "LATITUDE": "40,47,11", "LONGITUDE": "73,56,12", "volume_06": 1, "events_06": 0, "volume_13": 1, "events_13": 16, "volume_14": 1, "events_14": 19, "volume_15": 0, "events_15": 10, "Waterbody": "Lower East River", "Waterbod_1": "East River" }, "geometry": { "type": "Point", "coordinates": [ -73.93983663183252, 40.785303259887328 ] } },
{ "type": "Feature", "properties": { "spdes": "WI-020", "LATITUDE": "40,47,16", "LONGITUDE": "73,56,08", "volume_06": 0, "events_06": 0, "volume_13": 0, "events_13": 0, "volume_14": 0, "events_14": 0, "volume_15": 0, "events_15": 0, "Waterbody": "Harlem River", "Waterbod_1": "East River" }, "geometry": { "type": "Point", "coordinates": [ -73.938787426610361, 40.786410860124441 ] } },
{ "type": "Feature", "properties": { "spdes": "WI-021", "LATITUDE": "40,47,19", "LONGITUDE": "73,56,06", "volume_06": 1, "events_06": 0, "volume_13": 0, "events_13": 11, "volume_14": 1, "events_14": 17, "volume_15": 0, "events_15": 7, "Waterbody": "Harlem River", "Waterbod_1": "East River" }, "geometry": { "type": "Point", "coordinates": [ -73.938226469803297, 40.787066544078897 ] } },
{ "type": "Feature", "properties": { "spdes": "RH-040", "LATITUDE": null, "LONGITUDE": null, "volume_06": 37, "events_06": 0, "volume_13": 24, "events_13": 23, "volume_14": 29, "events_14": 25, "volume_15": 17, "events_15": 19, "Waterbody": "??", "Waterbod_1": "??" }, "geometry": { "type": "Point", "coordinates": [ -1.7976931348623157e+308, -1.7976931348623157e+308 ] } },
{ "type": "Feature", "properties": { "spdes": "WI-022", "LATITUDE": "40,47,21", "LONGITUDE": "73,56,04", "volume_06": 1, "events_06": 0, "volume_13": 1, "events_13": 13, "volume_14": 2, "events_14": 19, "volume_15": 0, "events_15": 7, "Waterbody": "Harlem River", "Waterbod_1": "East River" }, "geometry": { "type": "Point", "coordinates": [ -73.937825248511146, 40.787769586677477 ] } },
{ "type": "Feature", "properties": { "spdes": "WI-023", "LATITUDE": "40,47,23", "LONGITUDE": "73,56,02", "volume_06": 79, "events_06": 0, "volume_13": 59, "events_13": 28, "volume_14": 67, "events_14": 27, "volume_15": 50, "events_15": 25, "Waterbody": "Harlem River", "Waterbod_1": "East River" }, "geometry": { "type": "Point", "coordinates": [ -73.937460720896979, 40.788488814349314 ] } },
{ "type": "Feature", "properties": { "spdes": "WI-024", "LATITUDE": "40,47,32", "LONGITUDE": "73,55,58", "volume_06": 100, "events_06": 0, "volume_13": 77, "events_13": 24, "volume_14": 100, "events_14": 25, "volume_15": 58, "events_15": 21, "Waterbody": "Harlem River", "Waterbod_1": "East River" }, "geometry": { "type": "Point", "coordinates": [ -73.935911462065661, 40.791053854700557 ] } },
{ "type": "Feature", "properties": { "spdes": "WI-025", "LATITUDE": "40,47,39", "LONGITUDE": "73,55,47", "volume_06": 35, "events_06": 0, "volume_13": 33, "events_13": 45, "volume_14": 39, "events_14": 44, "volume_15": 26, "events_15": 44, "Waterbody": "Harlem River", "Waterbod_1": "East River" }, "geometry": { "type": "Point", "coordinates": [ -73.93287543131521, 40.793090267074056 ] } },
{ "type": "Feature", "properties": { "spdes": "WI-026", "LATITUDE": "40,47,41", "LONGITUDE": "73,55,43", "volume_06": 1, "events_06": 0, "volume_13": 1, "events_13": 12, "volume_14": 1, "events_14": 18, "volume_15": 0, "events_15": 8, "Waterbody": "Harlem River", "Waterbod_1": "East River" }, "geometry": { "type": "Point", "coordinates": [ -73.932086466687608, 40.793529294385998 ] } },
{ "type": "Feature", "properties": { "spdes": "WI-027", "LATITUDE": "40,47,42", "LONGITUDE": "73,55,40", "volume_06": 1, "events_06": 0, "volume_13": 0, "events_13": 9, "volume_14": 1, "events_14": 16, "volume_15": 0, "events_15": 6, "Waterbody": "Harlem River", "Waterbod_1": "East River" }, "geometry": { "type": "Point", "coordinates": [ -73.931013231412194, 40.79408396634566 ] } },
{ "type": "Feature", "properties": { "spdes": "WI-028", "LATITUDE": "40,47,44", "LONGITUDE": "73,55,37", "volume_06": 1, "events_06": 0, "volume_13": 1, "events_13": 19, "volume_14": 1, "events_14": 21, "volume_15": 0, "events_15": 12, "Waterbody": "Harlem River", "Waterbod_1": "East River" }, "geometry": { "type": "Point", "coordinates": [ -73.930118565375139, 40.79465741437339 ] } },
{ "type": "Feature", "properties": { "spdes": "WI-029", "LATITUDE": "40,47,48", "LONGITUDE": "73,55,34", "volume_06": 3, "events_06": 0, "volume_13": 2, "events_13": 25, "volume_14": 3, "events_14": 26, "volume_15": 2, "events_15": 18, "Waterbody": "Harlem River", "Waterbod_1": "East River" }, "geometry": { "type": "Point", "coordinates": [ -73.929804717288476, 40.795133201947571 ] } },
{ "type": "Feature", "properties": { "spdes": "WI-030", "LATITUDE": "40,47,50", "LONGITUDE": "73,55,34", "volume_06": 2, "events_06": 0, "volume_13": 1, "events_13": 21, "volume_14": 1, "events_14": 22, "volume_15": 1, "events_15": 12, "Waterbody": "Harlem River", "Waterbod_1": "East River" }, "geometry": { "type": "Point", "coordinates": [ -73.929218558131936, 40.795985116674309 ] } },
{ "type": "Feature", "properties": { "spdes": "WI-031", "LATITUDE": "40,47,52", "LONGITUDE": "73,55,32", "volume_06": 5, "events_06": 0, "volume_13": 6, "events_13": 24, "volume_14": 7, "events_14": 25, "volume_15": 5, "events_15": 20, "Waterbody": "Harlem River", "Waterbod_1": "East River" }, "geometry": { "type": "Point", "coordinates": [ -73.929047639036838, 40.796826046782016 ] } },
{ "type": "Feature", "properties": { "spdes": "WI-032", "LATITUDE": "40,47,55", "LONGITUDE": "73,55,32", "volume_06": 0, "events_06": 0, "volume_13": 0, "events_13": 8, "volume_14": 0, "events_14": 17, "volume_15": 0, "events_15": 5, "Waterbody": "Harlem River", "Waterbod_1": "East River" }, "geometry": { "type": "Point", "coordinates": [ -73.929031032735892, 40.797654873173677 ] } },
{ "type": "Feature", "properties": { "spdes": "WI-033", "LATITUDE": "40,47,59", "LONGITUDE": "73,55,32", "volume_06": 4, "events_06": 0, "volume_13": 4, "events_13": 22, "volume_14": 5, "events_14": 24, "volume_15": 3, "events_15": 14, "Waterbody": "Harlem River", "Waterbod_1": "East River" }, "geometry": { "type": "Point", "coordinates": [ -73.928940987709197, 40.799018165302648 ] } },
{ "type": "Feature", "properties": { "spdes": "WI-034", "LATITUDE": "40,48, 04", "LONGITUDE": "73,55,31", "volume_06": 1, "events_06": 0, "volume_13": 1, "events_13": 20, "volume_14": 1, "events_14": 22, "volume_15": 1, "events_15": 12, "Waterbody": "Harlem River", "Waterbod_1": "East River" }, "geometry": { "type": "Point", "coordinates": [ -73.928939274828764, 40.799715675146764 ] } },
{ "type": "Feature", "properties": { "spdes": "WI-035", "LATITUDE": "40,48,09", "LONGITUDE": "73,55,30", "volume_06": 8, "events_06": 0, "volume_13": 8, "events_13": 24, "volume_14": 10, "events_14": 27, "volume_15": 6, "events_15": 19, "Waterbody": "Harlem River", "Waterbod_1": "East River" }, "geometry": { "type": "Point", "coordinates": [ -73.929249023468699, 40.801193933070259 ] } },
{ "type": "Feature", "properties": { "spdes": "WI-036", "LATITUDE": "40,48,25", "LONGITUDE": "73,55,40", "volume_06": 3, "events_06": 0, "volume_13": 2, "events_13": 23, "volume_14": 3, "events_14": 26, "volume_15": 2, "events_15": 15, "Waterbody": "Harlem River", "Waterbod_1": "East River" }, "geometry": { "type": "Point", "coordinates": [ -73.931551629551507, 40.805384399588 ] } },
{ "type": "Feature", "properties": { "spdes": "WI-037", "LATITUDE": "40,48,31", "LONGITUDE": "73,55,46", "volume_06": 9, "events_06": 0, "volume_13": 8, "events_13": 26, "volume_14": 10, "events_14": 27, "volume_15": 7, "events_15": 20, "Waterbody": "Harlem River", "Waterbod_1": "East River" }, "geometry": { "type": "Point", "coordinates": [ -73.93296587481251, 40.806917940735509 ] } },
{ "type": "Feature", "properties": { "spdes": "WI-038", "LATITUDE": "40,48,44", "LONGITUDE": "73,55,50", "volume_06": 39, "events_06": 0, "volume_13": 29, "events_13": 28, "volume_14": 38, "events_14": 28, "volume_15": 24, "events_15": 23, "Waterbody": "Harlem River", "Waterbod_1": "East River" }, "geometry": { "type": "Point", "coordinates": [ -73.934233053764189, 40.811367551135675 ] } },
{ "type": "Feature", "properties": { "spdes": "WI-039", "LATITUDE": "40,49,01", "LONGITUDE": "73,55,49", "volume_06": 3, "events_06": 0, "volume_13": 3, "events_13": 22, "volume_14": 4, "events_14": 27, "volume_15": 2, "events_15": 16, "Waterbody": "Harlem River", "Waterbod_1": "East River" }, "geometry": { "type": "Point", "coordinates": [ -73.933980552935495, 40.815348241315313 ] } },
{ "type": "Feature", "properties": { "spdes": "WI-040", "LATITUDE": "40,49,03", "LONGITUDE": "73,55,49", "volume_06": 3, "events_06": 0, "volume_13": 2, "events_13": 25, "volume_14": 3, "events_14": 26, "volume_15": 2, "events_15": 18, "Waterbody": "Harlem River", "Waterbod_1": "East River" }, "geometry": { "type": "Point", "coordinates": [ -73.933795956787392, 40.816337098675085 ] } },
{ "type": "Feature", "properties": { "spdes": "WI-041", "LATITUDE": "40,49,06", "LONGITUDE": "73,55,49", "volume_06": 13, "events_06": 0, "volume_13": 9, "events_13": 29, "volume_14": 12, "events_14": 28, "volume_15": 8, "events_15": 24, "Waterbody": "Harlem River", "Waterbod_1": "East River" }, "geometry": { "type": "Point", "coordinates": [ -73.93381455031593, 40.817086345980506 ] } },
{ "type": "Feature", "properties": { "spdes": "WI-042", "LATITUDE": "40,49,08", "LONGITUDE": "73,55,49", "volume_06": 3, "events_06": 0, "volume_13": 2, "events_13": 27, "volume_14": 3, "events_14": 26, "volume_15": 2, "events_15": 19, "Waterbody": "Harlem River", "Waterbod_1": "East River" }, "geometry": { "type": "Point", "coordinates": [ -73.933755632003567, 40.817829110674026 ] } },
{ "type": "Feature", "properties": { "spdes": "WI-043", "LATITUDE": "40,47,13", "LONGITUDE": "73,56,10", "volume_06": 7, "events_06": 0, "volume_13": 5, "events_13": 31, "volume_14": 6, "events_14": 31, "volume_15": 4, "events_15": 20, "Waterbody": "Harlem River", "Waterbod_1": "East River" }, "geometry": { "type": "Point", "coordinates": [ -73.939334232754263, 40.785899034270486 ] } },
{ "type": "Feature", "properties": { "spdes": "WI-044", "LATITUDE": "40,49,14", "LONGITUDE": "73,55,49", "volume_06": 6, "events_06": 0, "volume_13": 4, "events_13": 27, "volume_14": 6, "events_14": 27, "volume_15": 4, "events_15": 20, "Waterbody": "Harlem River", "Waterbod_1": "East River" }, "geometry": { "type": "Point", "coordinates": [ -73.933819495383545, 40.819451827948278 ] } },
{ "type": "Feature", "properties": { "spdes": "WI-045", "LATITUDE": "40,49,26", "LONGITUDE": "73,55,49", "volume_06": 63, "events_06": 0, "volume_13": 49, "events_13": 36, "volume_14": 62, "events_14": 35, "volume_15": 39, "events_15": 33, "Waterbody": "Harlem River", "Waterbod_1": "East River" }, "geometry": { "type": "Point", "coordinates": [ -73.934088735508752, 40.821744628736212 ] } },
{ "type": "Feature", "properties": { "spdes": "WI-046", "LATITUDE": "40,49,34", "LONGITUDE": "73,55,49", "volume_06": 158, "events_06": 0, "volume_13": 163, "events_13": 40, "volume_14": 192, "events_14": 41, "volume_15": 125, "events_15": 42, "Waterbody": "Harlem River", "Waterbod_1": "East River" }, "geometry": { "type": "Point", "coordinates": [ -73.934316361090509, 40.824794029466744 ] } },
{ "type": "Feature", "properties": { "spdes": "WI-047", "LATITUDE": "40,49,44", "LONGITUDE": "73,55,50", "volume_06": 23, "events_06": 0, "volume_13": 23, "events_13": 42, "volume_14": 25, "events_14": 40, "volume_15": 17, "events_15": 41, "Waterbody": "Harlem River", "Waterbod_1": "East River" }, "geometry": { "type": "Point", "coordinates": [ -73.93452468076714, 40.82724313936324 ] } },
{ "type": "Feature", "properties": { "spdes": "WI-048", "LATITUDE": "40,49,46", "LONGITUDE": "73,56,03", "volume_06": 13, "events_06": 0, "volume_13": 13, "events_13": 42, "volume_14": 14, "events_14": 43, "volume_15": 10, "events_15": 41, "Waterbody": "Harlem River", "Waterbod_1": "East River" }, "geometry": { "type": "Point", "coordinates": [ -73.934582590381538, 40.828127003606966 ] } },
{ "type": "Feature", "properties": { "spdes": "WI-049", "LATITUDE": "40,49,50", "LONGITUDE": "73,55,48", "volume_06": 69, "events_06": 0, "volume_13": 76, "events_13": 36, "volume_14": 95, "events_14": 40, "volume_15": 56, "events_15": 37, "Waterbody": "Harlem River", "Waterbod_1": "East River" }, "geometry": { "type": "Point", "coordinates": [ -73.933159686460215, 40.828922173642674 ] } },
{ "type": "Feature", "properties": { "spdes": "WI-050", "LATITUDE": "40,50,02", "LONGITUDE": "73,55,52", "volume_06": 69, "events_06": 0, "volume_13": 19, "events_13": 40, "volume_14": 20, "events_14": 45, "volume_15": 13, "events_15": 41, "Waterbody": "Harlem River", "Waterbod_1": "East River" }, "geometry": { "type": "Point", "coordinates": [ -73.934975237152727, 40.830661426680358 ] } },
{ "type": "Feature", "properties": { "spdes": "WI-051", "LATITUDE": "40,50,29", "LONGITUDE": "73,55,41", "volume_06": 21, "events_06": 0, "volume_13": 22, "events_13": 33, "volume_14": 28, "events_14": 39, "volume_15": 16, "events_15": 31, "Waterbody": "Harlem River", "Waterbod_1": "East River" }, "geometry": { "type": "Point", "coordinates": [ -73.933587416622018, 40.837684459313195 ] } },
{ "type": "Feature", "properties": { "spdes": "WI-052", "LATITUDE": "40,50,41", "LONGITUDE": "73,55,34", "volume_06": 48, "events_06": 0, "volume_13": 44, "events_13": 42, "volume_14": 52, "events_14": 45, "volume_15": 33, "events_15": 41, "Waterbody": "Harlem River", "Waterbod_1": "East River" }, "geometry": { "type": "Point", "coordinates": [ -73.93035508712596, 40.843930566719173 ] } },
{ "type": "Feature", "properties": { "spdes": "WI-053", "LATITUDE": "40,54,21", "LONGITUDE": "73,54,38", "volume_06": 30, "events_06": 0, "volume_13": 65, "events_13": 64, "volume_14": 72, "events_14": 78, "volume_15": 46, "events_15": 58, "Waterbody": "Hudson River", "Waterbod_1": "Hudson River" }, "geometry": { "type": "Point", "coordinates": [ -73.914564704071566, 40.904084956512669 ] } },
{ "type": "Feature", "properties": { "spdes": "WI-054", "LATITUDE": "40,53,54", "LONGITUDE": "73,54,50", "volume_06": 28, "events_06": 0, "volume_13": 47, "events_13": 47, "volume_14": 54, "events_14": 56, "volume_15": 31, "events_15": 45, "Waterbody": "Hudson River", "Waterbod_1": "Hudson River" }, "geometry": { "type": "Point", "coordinates": [ -73.916945720653587, 40.896663030450782 ] } },
{ "type": "Feature", "properties": { "spdes": "WI-055", "LATITUDE": "40,53,22", "LONGITUDE": "73,55,01", "volume_06": 9, "events_06": 0, "volume_13": 24, "events_13": 51, "volume_14": 27, "events_14": 67, "volume_15": 17, "events_15": 48, "Waterbody": "Hudson River", "Waterbod_1": "Hudson River" }, "geometry": { "type": "Point", "coordinates": [ -73.920285183381552, 40.887971736423545 ] } },
{ "type": "Feature", "properties": { "spdes": "WI-056", "LATITUDE": "40,52,14", "LONGITUDE": "73,54,22", "volume_06": 1543, "events_06": 0, "volume_13": 1065, "events_13": 54, "volume_14": 1200, "events_14": 63, "volume_15": 793, "events_15": 51, "Waterbody": "Harlem River", "Waterbod_1": "East River" }, "geometry": { "type": "Point", "coordinates": [ -73.909288407260604, 40.86976506355731 ] } },
{ "type": "Feature", "properties": { "spdes": "WI-057", "LATITUDE": "40,51,47", "LONGITUDE": "73,54,46", "volume_06": 179, "events_06": 0, "volume_13": 183, "events_13": 53, "volume_14": 211, "events_14": 64, "volume_15": 141, "events_15": 51, "Waterbody": "Harlem River", "Waterbod_1": "East River" }, "geometry": { "type": "Point", "coordinates": [ -73.913458227924238, 40.863287322456486 ] } },
{ "type": "Feature", "properties": { "spdes": "WI-058", "LATITUDE": "40,51,04", "LONGITUDE": "73,55,17", "volume_06": 50, "events_06": 0, "volume_13": 48, "events_13": 36, "volume_14": 60, "events_14": 41, "volume_15": 36, "events_15": 38, "Waterbody": "Harlem River", "Waterbod_1": "East River" }, "geometry": { "type": "Point", "coordinates": [ -73.920317618191973, 40.855217104351439 ] } },
{ "type": "Feature", "properties": { "spdes": "WI-059", "LATITUDE": "40,50,50", "LONGITUDE": "73,55,28", "volume_06": 5, "events_06": 0, "volume_13": 10, "events_13": 18, "volume_14": 13, "events_14": 23, "volume_15": 7, "events_15": 18, "Waterbody": "Harlem River", "Waterbod_1": "East River" }, "geometry": { "type": "Point", "coordinates": [ -73.92397921353411, 40.851029432140841 ] } },
{ "type": "Feature", "properties": { "spdes": "WI-060", "LATITUDE": "40,50,38", "LONGITUDE": "73,55,34", "volume_06": 228, "events_06": 0, "volume_13": 363, "events_13": 37, "volume_14": 451, "events_14": 44, "volume_15": 269, "events_15": 39, "Waterbody": "Harlem River", "Waterbod_1": "East River" }, "geometry": { "type": "Point", "coordinates": [ -73.929177252419848, 40.8430091887925 ] } },
{ "type": "Feature", "properties": { "spdes": "WI-061", "LATITUDE": "40,50,31", "LONGITUDE": "73,55,37", "volume_06": 2, "events_06": 0, "volume_13": 5, "events_13": 13, "volume_14": 10, "events_14": 18, "volume_15": 4, "events_15": 12, "Waterbody": "Harlem River", "Waterbod_1": "East River" }, "geometry": { "type": "Point", "coordinates": [ -73.930510127814429, 40.840087716739617 ] } },
{ "type": "Feature", "properties": { "spdes": "WI-062", "LATITUDE": "40,49,48", "LONGITUDE": "73,55,47", "volume_06": 175, "events_06": 0, "volume_13": 156, "events_13": 35, "volume_14": 192, "events_14": 35, "volume_15": 128, "events_15": 36, "Waterbody": "Harlem River", "Waterbod_1": "East River" }, "geometry": { "type": "Point", "coordinates": [ -73.933213403141806, 40.829200770356223 ] } },
{ "type": "Feature", "properties": { "spdes": "WI-063", "LATITUDE": "40,49,47", "LONGITUDE": "73,55,48", "volume_06": 13, "events_06": 0, "volume_13": 12, "events_13": 23, "volume_14": 14, "events_14": 23, "volume_15": 11, "events_15": 21, "Waterbody": "Harlem River", "Waterbod_1": "East River" }, "geometry": { "type": "Point", "coordinates": [ -73.933087603330947, 40.828066622284751 ] } },
{ "type": "Feature", "properties": { "spdes": "WI-064", "LATITUDE": "40,49,14", "LONGITUDE": "73,55,47", "volume_06": 43, "events_06": 0, "volume_13": 34, "events_13": 26, "volume_14": 43, "events_14": 11, "volume_15": 31, "events_15": 22, "Waterbody": "Harlem River", "Waterbod_1": "East River" }, "geometry": { "type": "Point", "coordinates": [ -73.932338375977935, 40.819487652948773 ] } },
{ "type": "Feature", "properties": { "spdes": "WI-065", "LATITUDE": "40,48,38", "LONGITUDE": "73,55,59", "volume_06": 5, "events_06": 0, "volume_13": 2, "events_13": 16, "volume_14": 3, "events_14": 21, "volume_15": 3, "events_15": 14, "Waterbody": "Harlem River", "Waterbod_1": "East River" }, "geometry": { "type": "Point", "coordinates": [ -73.932661614917166, 40.810818511735228 ] } },
{ "type": "Feature", "properties": { "spdes": "WI-066", "LATITUDE": "40,48,29", "LONGITUDE": "73,55,01", "volume_06": 2, "events_06": 0, "volume_13": 2, "events_13": 12, "volume_14": 2, "events_14": 17, "volume_15": 1, "events_15": 13, "Waterbody": "Harlem River", "Waterbod_1": "East River" }, "geometry": { "type": "Point", "coordinates": [ -73.931690941472084, 40.807911551625018 ] } },
{ "type": "Feature", "properties": { "spdes": "WI-067", "LATITUDE": "40,48,23", "LONGITUDE": "73,55,52", "volume_06": 13, "events_06": 0, "volume_13": 12, "events_13": 20, "volume_14": 17, "events_14": 21, "volume_15": 11, "events_15": 17, "Waterbody": "Harlem River", "Waterbod_1": "East River" }, "geometry": { "type": "Point", "coordinates": [ -73.930480112789027, 40.806469499505866 ] } },
{ "type": "Feature", "properties": { "spdes": "WI-068", "LATITUDE": "40,48,09", "LONGITUDE": "73,55,22", "volume_06": 222, "events_06": 0, "volume_13": 0, "events_13": 5, "volume_14": 0, "events_14": 5, "volume_15": 127, "events_15": 29, "Waterbody": "Bronx Kill", "Waterbod_1": "East River" }, "geometry": { "type": "Point", "coordinates": [ -73.923649323718749, 40.802523067647357 ] } },
{ "type": "Feature", "properties": { "spdes": "WI-069", "LATITUDE": "40,47,57", "LONGITUDE": "73,55,11", "volume_06": 0, "events_06": 0, "volume_13": 0, "events_13": 2, "volume_14": 0, "events_14": 3, "volume_15": 0, "events_15": 1, "Waterbody": "Bronx Kill", "Waterbod_1": "East River" }, "geometry": { "type": "Point", "coordinates": [ -73.91945856046614, 40.799198797247129 ] } },
{ "type": "Feature", "properties": { "spdes": "WI-070", "LATITUDE": "40,47,54", "LONGITUDE": "73,54,31", "volume_06": 11, "events_06": 0, "volume_13": 12, "events_13": 28, "volume_14": 15, "events_14": 27, "volume_15": 10, "events_15": 23, "Waterbody": "East River", "Waterbod_1": "East River" }, "geometry": { "type": "Point", "coordinates": [ -73.908308663739007, 40.798949596431022 ] } },
{ "type": "Feature", "properties": { "spdes": "WI-071", "LATITUDE": "40,48,07", "LONGITUDE": "73,54,10", "volume_06": 29, "events_06": 0, "volume_13": 25, "events_13": 25, "volume_14": 2, "events_14": 24, "volume_15": 21, "events_15": 23, "Waterbody": "East River", "Waterbod_1": "East River" }, "geometry": { "type": "Point", "coordinates": [ -73.906212589989082, 40.801491107147804 ] } },
{ "type": "Feature", "properties": { "spdes": "WI-072", "LATITUDE": "40,48,18", "LONGITUDE": "73,53,56", "volume_06": 46, "events_06": 0, "volume_13": 106, "events_13": 32, "volume_14": 139, "events_14": 29, "volume_15": 38, "events_15": 25, "Waterbody": "East River", "Waterbod_1": "East River" }, "geometry": { "type": "Point", "coordinates": [ -73.902226258691499, 40.804885142154021 ] } },
{ "type": "Feature", "properties": { "spdes": "WI-073", "LATITUDE": "40,48,05", "LONGITUDE": "73,55,17", "volume_06": 11, "events_06": 0, "volume_13": 1, "events_13": 4, "volume_14": 1, "events_14": 7, "volume_15": 3, "events_15": 8, "Waterbody": "Bronx Kill", "Waterbod_1": "East River" }, "geometry": { "type": "Point", "coordinates": [ -73.921475216270366, 40.80143173486163 ] } },
{ "type": "Feature", "properties": { "spdes": "WI-074", "LATITUDE": "40,52,11", "LONGITUDE": "73,54,22", "volume_06": 0, "events_06": 0, "volume_13": 0, "events_13": 0, "volume_14": 0, "events_14": 0, "volume_15": 0, "events_15": 0, "Waterbody": "Harlem River", "Waterbod_1": "East River" }, "geometry": { "type": "Point", "coordinates": [ -73.909335432956297, 40.869506800255181 ] } },
{ "type": "Feature", "properties": { "spdes": "WI-075", "LATITUDE": "40,48,56", "LONGITUDE": "73,55,45", "volume_06": 123, "events_06": 0, "volume_13": 106, "events_13": 29, "volume_14": 139, "events_14": 29, "volume_15": 94, "events_15": 28, "Waterbody": "Harlem River", "Waterbod_1": "East River" }, "geometry": { "type": "Point", "coordinates": [ -73.932373618685276, 40.814039182557586 ] } },
{ "type": "Feature", "properties": { "spdes": "WI-076", "LATITUDE": "40,48,49", "LONGITUDE": "73,55,07", "volume_06": 43, "events_06": 0, "volume_13": 76, "events_13": 45, "volume_14": 82, "events_14": 48, "volume_15": 54, "events_15": 43, "Waterbody": "Harlem River", "Waterbod_1": "East River" }, "geometry": { "type": "Point", "coordinates": [ -73.921731021039903, 40.878267997444929 ] } },
{ "type": "Feature", "properties": { "spdes": "WI-077", "LATITUDE": "40,52,32", "LONGITUDE": "73,54,46", "volume_06": 77, "events_06": 0, "volume_13": 108, "events_13": 37, "volume_14": 129, "events_14": 44, "volume_15": 80, "events_15": 41, "Waterbody": "Harlem River", "Waterbod_1": "East River" }, "geometry": { "type": "Point", "coordinates": [ -73.916357092655076, 40.875683257472765 ] } },
{ "type": "Feature", "properties": { "spdes": "WI-078", "LATITUDE": "40,52,26", "LONGITUDE": "73,54,42", "volume_06": 0, "events_06": 0, "volume_13": 42, "events_13": 40, "volume_14": 47, "events_14": 47, "volume_15": 31, "events_15": 43, "Waterbody": "Harlem River", "Waterbod_1": "East River" }, "geometry": { "type": "Point", "coordinates": [ -73.910604440875332, 40.873953333838166 ] } },
{ "type": "Feature", "properties": { "spdes": "WI-079", "LATITUDE": "40,54,49", "LONGITUDE": "73,54,42", "volume_06": 0, "events_06": 0, "volume_13": 0, "events_13": 0, "volume_14": 0, "events_14": 0, "volume_15": 0, "events_15": 0, "Waterbody": "Hudson River", "Waterbod_1": "Hudson River" }, "geometry": { "type": "Point", "coordinates": [ -73.911212746727855, 40.914154773934946 ] } },
{ "type": "Feature", "properties": { "spdes": "OH-024", "LATITUDE": null, "LONGITUDE": null, "volume_06": 23, "events_06": 35, "volume_13": 15, "events_13": 21, "volume_14": 31, "events_14": 30, "volume_15": 21, "events_15": 29, "Waterbody": "??", "Waterbod_1": "??" }, "geometry": { "type": "Point", "coordinates": [ -1.7976931348623157e+308, -1.7976931348623157e+308 ] } },
{ "type": "Feature", "properties": { "spdes": "TI-tank", "LATITUDE": null, "LONGITUDE": null, "volume_06": 0, "events_06": 0, "volume_13": 500, "events_13": 15, "volume_14": 394, "events_14": 27, "volume_15": 290, "events_15": 9, "Waterbody": "Flushing Creek", "Waterbod_1": "East River" }, "geometry": { "type": "Point", "coordinates": [ -1.7976931348623157e+308, -1.7976931348623157e+308 ] } },
{ "type": "Feature", "properties": { "spdes": "PR-023A", "LATITUDE": null, "LONGITUDE": null, "volume_06": 0, "events_06": 0, "volume_13": 0, "events_13": 0, "volume_14": 0, "events_14": 0, "volume_15": 0, "events_15": 0, "Waterbody": null, "Waterbod_1": null }, "geometry": { "type": "Point", "coordinates": [ -74.059981342182667, 40.611902925216015 ] } }
]
}
